,Workout start time,Workout end time,Duration (min),Activity Strain,Workout Max HR (bpm),Workout Average HR (bpm),HR Zone 1 %,HR Zone 2 %,HR Zone 3 %,HR Zone 4 %,HR Zone 5 %,Altitude gain (feet),Altitude change (feet),Distance (miles),Activity name_Inline Skating,Activity name_Manual Labor,Activity name_Motocross,Activity name_Obstacle Course Racing,Activity name_Wheelchair Pushing,Resting heart rate (bpm),Heart rate variability (ms),Blood oxygen %,Day Strain,Physiology Max HR (bpm),Physiology Average HR (bpm),Respiratory rate (rpm),Skin temp (fahrenheit),HR Zone Sum
0,2024-06-01 20:35:16,2024-06-01 23:06:02,150,11.9,145,110,29,40,24,0,0,1486,-1,11,True,False,False,False,False,58,40,95,13,153,72,16.3,89,93
2,2024-05-31 20:48:23,2024-05-31 23:49:24,181,11.6,152,103,33,25,19,0,0,1545,-1,11,True,False,False,False,False,57,38,97,14,152,75,16.0,91,77
3,2024-05-27 12:15:04,2024-05-27 15:31:16,196,4.3,126,78,21,1,0,0,0,8186,-1,125,False,False,True,False,False,56,38,96,5,138,65,16.7,89,22
4,2024-05-25 20:30:10,2024-05-25 22:41:52,131,13.9,151,122,9,30,59,2,0,1408,0,11,True,False,False,False,False,58,31,95,15,155,72,16.6,93,100
6,2024-05-24 20:47:52,2024-05-24 23:49:42,181,12.3,157,103,16,26,23,1,0,1447,0,11,True,False,False,False,False,53,48,94,13,172,72,17.5,91,66
7,2024-05-20 13:16:35,2024-05-20 15:16:00,119,4.3,114,82,31,1,0,0,0,8431,-7,75,False,False,True,False,False,56,49,93,7,147,68,17.2,90,32
8,2024-05-18 21:17:30,2024-05-18 22:34:46,164,11.4,155,119,15,24,51,5,0,895,0,7,True,False,False,False,False,58,37,93,15,155,75,16.8,91,95
10,2024-05-17 20:49:48,2024-05-17 23:48:04,178,13.2,159,106,23,18,31,3,0,1450,12,14,True,False,False,False,False,51,49,96,14,159,71,16.9,89,75
11,2024-05-13 14:09:43,2024-05-13 16:13:58,124,4.4,117,78,25,1,0,0,0,7471,25,72,False,False,True,False,False,53,46,94,5,129,64,16.7,90,26
12,2024-05-11 20:31:52,2024-05-11 22:48:55,137,13.4,147,118,17,34,48,0,0,1530,-8,12,True,False,False,False,False,60,29,94,15,147,77,17.9,92,99
13,2024-05-10 20:48:42,2024-05-10 23:50:57,182,13.6,158,104,12,14,28,6,0,1575,-2,12,True,False,False,False,False,55,36,95,16,158,75,15.8,90,60
14,2024-05-06 13:52:01,2024-05-06 16:20:12,148,6.6,138,82,17,7,6,0,0,8512,1,81,False,False,True,False,False,57,36,94,7,138,65,17.5,90,30
15,2024-05-04 20:41:17,2024-05-04 22:42:47,121,12.8,148,117,16,39,42,1,0,1237,-6,11,True,False,False,False,False,0,0,0,13,148,69,,32,98
16,2024-05-03 20:49:59,2024-05-03 23:18:32,148,13.2,153,114,16,43,32,2,0,1664,5,11,True,False,False,False,False,53,41,96,16,153,77,15.4,32,93
17,2024-04-29 12:17:21,2024-04-29 14:37:38,140,4.1,105,79,14,0,0,0,0,8823,-6,74,False,False,True,False,False,57,28,93,6,138,65,16.6,91,14
19,2024-04-27 20:49:53,2024-04-27 22:41:36,111,13.2,152,120,11,28,54,4,0,1297,6,11,True,False,False,False,False,61,26,90,14,152,70,16.6,90,97
21,2024-04-26 20:46:31,2024-04-26 23:55:01,188,12.3,157,103,30,34,17,0,0,2827,-3,13,True,False,False,False,False,51,42,96,13,157,74,17.3,89,81
22,2024-04-22 13:04:49,2024-04-22 16:00:49,175,4.3,107,76,17,0,0,0,0,8136,0,75,False,False,True,False,False,66,48,92,6,131,63,17.3,93,17
24,2024-04-20 20:38:48,2024-04-20 22:51:04,132,13.4,152,119,16,31,51,1,0,1340,1,11,True,False,False,False,False,61,27,95,14,152,73,17.5,93,99
26,2024-04-19 20:48:01,2024-04-19 23:47:40,179,11.4,146,99,15,25,19,0,0,1536,10,11,True,False,False,False,False,54,37,93,13,147,71,17.5,90,59
27,2024-04-16 12:34:20,2024-04-16 14:53:00,138,4.2,105,76,13,0,0,0,0,7760,-7,74,False,False,True,False,False,55,37,91,5,121,66,15.6,92,13
28,2024-04-13 20:51:50,2024-04-13 22:45:06,113,13.7,157,124,6,33,49,10,0,1325,-5,11,True,False,False,False,False,64,34,94,15,157,75,16.9,93,98
30,2024-04-12 20:49:10,2024-04-12 23:42:13,173,13.1,154,105,14,18,29,4,0,2087,5,11,True,False,False,False,False,56,28,93,15,163,76,17.7,92,65
31,2024-04-06 20:39:52,2024-04-06 23:15:02,155,11.5,148,107,21,37,23,0,0,1908,-6,11,True,False,False,False,False,63,30,95,14,159,73,15.6,93,81
34,2024-04-05 20:46:56,2024-04-05 23:48:18,181,12.9,152,111,27,39,27,1,0,2174,5,12,True,False,False,False,False,0,0,0,15,175,82,,32,94
35,2024-03-30 21:05:56,2024-03-30 23:18:55,132,11.6,147,113,27,42,29,0,0,1460,5,11,True,False,False,False,False,57,38,92,13,147,76,17.5,89,98
36,2024-03-29 20:35:55,2024-03-29 22:47:44,131,8.0,144,101,41,43,3,0,0,1930,-5,11,True,False,False,False,False,61,30,97,11,144,71,16.6,93,87
38,2024-03-25 15:15:58,2024-03-25 17:30:23,134,3.9,110,78,13,0,0,0,0,8030,-3,76,False,False,True,False,False,55,43,93,4,127,65,16.3,88,13
39,2024-03-23 20:35:32,2024-03-23 23:24:31,168,14.5,150,121,11,38,48,3,0,1892,4,12,True,False,False,False,False,56,36,95,16,150,81,16.6,91,100
40,2024-03-22 20:36:24,2024-03-22 23:04:12,147,13.0,164,109,22,29,16,12,0,2306,0,12,True,False,False,False,False,61,30,93,14,164,74,16.2,90,79
42,2024-03-19 15:12:00,2024-03-20 15:12:00,176,7.4,149,68,10,1,0,0,0,12929,5,96,False,False,True,False,False,56,40,95,8,149,66,15.9,91,11
44,2024-03-16 20:32:44,2024-03-16 23:21:46,169,11.1,151,105,23,42,15,0,0,1857,0,10,True,False,False,False,False,73,43,93,12,151,79,18.3,91,80
46,2024-03-15 20:48:53,2024-03-15 23:50:24,181,11.8,149,103,17,22,27,0,0,2303,6,12,True,False,False,False,False,60,31,94,13,149,72,16.6,91,66
48,2024-03-14 14:24:03,2024-03-14 17:24:03,179,4.3,114,80,17,1,0,0,0,9589,-3,77,False,False,True,False,False,59,29,95,8,157,71,16.3,91,18
50,2024-03-09 20:45:52,2024-03-09 23:30:52,164,14.3,157,117,21,24,43,7,0,2091,2,12,True,False,False,False,False,61,37,93,16,157,76,16.7,92,95
51,2024-03-08 20:48:59,2024-03-08 23:51:17,182,13.1,153,106,14,19,36,2,0,2146,5,12,True,False,False,False,False,0,0,0,13,153,71,,32,71
52,2024-03-07 14:42:06,2024-03-07 17:19:33,157,4.1,107,77,17,0,0,0,0,9188,-6,79,False,False,True,False,False,58,28,95,5,131,65,16.6,91,17
54,2024-03-02 20:45:16,2024-03-02 23:28:33,163,11.7,152,108,28,35,23,1,0,2242,-9,12,True,False,False,False,False,64,36,93,13,152,75,16.8,92,87
56,2024-03-01 21:22:20,2024-03-01 23:37:10,134,13.0,156,118,14,32,44,5,0,1821,-3,12,True,False,False,False,False,56,30,93,14,156,75,16.8,91,95
57,2024-02-22 14:53:07,2024-02-22 17:00:07,126,4.1,103,82,30,0,0,0,0,9175,-21,74,False,False,True,False,False,57,31,94,6,149,64,15.7,92,30
59,2024-02-16 20:48:13,2024-02-16 23:55:09,186,10.8,153,101,25,30,16,1,0,1964,-7,12,True,False,False,False,False,56,36,93,11,153,70,15.6,91,72
60,2024-02-12 15:13:25,2024-02-12 17:45:25,151,11.6,151,103,25,18,20,5,0,8947,-17,77,False,False,True,False,False,59,38,92,12,151,69,17.3,90,68
62,2024-02-10 20:45:14,2024-02-10 23:27:06,161,13.1,148,117,17,44,38,0,0,2032,0,12,True,False,False,False,False,64,35,95,13,158,77,16.9,91,99
63,2024-02-09 20:49:09,2024-02-09 23:57:05,187,11.6,152,102,26,20,21,1,0,2012,9,11,True,False,False,False,False,66,24,94,12,152,74,16.4,32,68
64,2024-02-06 14:47:59,2024-02-06 16:25:50,97,9.2,151,96,17,7,26,3,0,4076,20,37,False,False,True,False,False,61,26,93,12,151,67,16.4,92,53
66,2024-02-03 20:47:53,2024-02-03 23:20:51,152,9.1,141,102,47,41,2,0,0,1771,-2,12,True,False,False,False,False,62,35,93,10,141,72,17.4,90,90
67,2024-02-02 20:59:18,2024-02-02 23:11:58,132,12.8,154,116,13,36,41,3,0,1599,-5,11,True,False,False,False,False,61,28,93,14,154,74,16.2,92,93
68,2024-01-29 14:21:09,2024-01-29 16:43:39,142,10.5,152,93,22,11,11,5,0,7682,-45,76,False,False,True,False,False,57,33,94,11,152,67,16.8,92,49
70,2024-01-27 20:46:08,2024-01-27 23:16:43,150,13.6,161,118,19,30,48,2,0,2208,-12,12,True,False,False,False,False,71,27,94,14,161,78,18.8,91,99
72,2024-01-26 20:56:14,2024-01-26 23:54:46,178,14.0,155,113,35,16,40,4,0,1911,6,12,True,False,False,False,False,63,29,93,14,155,79,18.4,93,95
74,2024-01-23 14:43:51,2024-01-23 16:57:07,133,14.5,154,114,10,8,38,17,0,8105,7,73,False,False,True,False,False,55,24,93,14,154,71,16.9,94,73
75,2024-01-20 20:30:31,2024-01-20 23:07:59,157,9.2,137,99,33,38,6,0,0,1820,-5,12,True,False,False,False,False,63,44,93,10,140,72,16.5,91,77
76,2024-01-19 20:55:49,2024-01-19 23:27:55,152,13.6,154,118,18,35,41,4,0,1825,-1,11,True,False,False,False,False,61,37,95,14,154,77,15.7,88,98
77,2024-01-15 13:37:38,2024-01-15 15:52:59,135,12.9,154,108,12,14,40,5,0,8280,-154,73,False,False,True,False,False,56,40,94,13,154,69,16.6,91,71
78,2024-01-13 21:24:05,2024-01-13 23:53:14,149,10.0,152,105,31,49,8,1,0,2075,-7,12,True,False,False,False,False,73,36,91,11,152,75,17.0,93,89
80,2024-01-12 20:48:12,2024-01-12 23:44:20,176,12.8,160,105,16,22,25,5,0,2096,-8,12,True,False,False,False,False,60,28,93,13,160,72,16.3,93,68
82,2024-01-11 15:00:00,2024-01-11 17:23:00,143,12.8,148,106,10,14,39,3,0,0,0,0,False,False,True,False,False,61,23,92,13,148,68,15.3,91,66
85,2024-01-06 21:01:00,2024-01-06 23:37:13,156,12.8,157,110,18,35,31,2,0,1864,-2,11,True,False,False,False,False,74,50,95,13,157,76,17.5,89,86
87,2024-01-05 20:52:09,2024-01-05 23:50:56,178,13.8,165,110,19,30,23,8,0,2193,-7,12,True,False,False,False,False,60,23,94,14,165,75,15.3,91,80
89,2024-01-01 11:50:39,2024-01-01 14:04:58,134,13.8,152,113,9,16,44,9,0,9176,19,75,False,False,True,False,False,63,35,94,14,152,73,17.2,92,78
90,2023-12-31 20:33:35,2024-01-01 00:30:07,164,10.6,145,94,24,23,10,0,0,2292,3,13,True,False,False,False,False,74,32,93,12,145,71,16.9,93,57
92,2023-12-30 20:41:30,2023-12-30 23:02:37,141,12.3,150,114,22,45,28,1,0,1908,-5,12,True,False,False,False,False,64,28,91,13,150,75,15.7,92,96
94,2023-12-29 21:13:33,2023-12-29 23:54:24,160,13.2,156,115,24,40,31,2,0,1842,-10,11,True,False,False,False,False,70,21,98,14,156,72,17.3,93,97
96,2023-12-26 12:35:20,2023-12-26 16:30:20,176,13.4,151,101,18,21,25,2,0,8687,-8,78,False,False,True,False,False,57,41,96,14,151,69,17.0,90,66
98,2023-12-23 20:36:07,2023-12-23 22:51:21,135,10.7,153,109,20,45,19,2,0,1935,-10,12,True,False,False,False,False,63,28,95,12,153,75,17.4,92,86
100,2023-12-22 20:46:46,2023-12-22 23:48:14,181,13.5,167,107,16,18,22,10,1,2097,-1,12,True,False,False,False,False,59,29,93,13,167,74,17.2,90,67
101,2023-12-21 13:23:35,2023-12-21 16:06:57,163,13.0,150,109,17,24,35,3,0,8278,-13,77,False,False,True,False,False,56,35,95,13,150,71,17.3,89,79
102,2023-12-16 20:34:38,2023-12-16 23:27:41,173,13.9,151,118,14,39,44,1,0,2277,-8,12,True,False,False,False,False,63,36,94,15,151,79,17.3,89,98
103,2023-12-15 20:50:21,2023-12-15 23:48:34,178,13.5,159,111,32,23,26,7,0,2074,1,11,True,False,False,False,False,0,0,0,14,159,76,,32,88
104,2023-12-09 20:30:50,2023-12-09 23:36:21,185,12.7,154,111,33,37,24,2,0,2091,-8,12,True,False,False,False,False,64,44,94,13,154,76,17.6,89,96
106,2023-12-08 20:46:30,2023-12-08 23:52:30,185,10.4,148,99,30,18,16,1,0,2175,0,11,True,False,False,False,False,62,25,94,11,148,75,16.6,92,65
107,2023-12-04 14:51:07,2023-12-04 17:00:07,128,8.2,146,92,27,12,13,0,0,6492,0,61,False,False,True,False,False,55,40,95,11,146,66,17.2,90,52
110,2023-12-02 20:22:21,2023-12-02 23:00:53,158,12.4,147,113,25,52,21,0,0,2146,-9,12,True,False,False,False,False,67,29,92,13,159,77,16.7,94,98
112,2023-12-01 21:02:29,2023-12-01 23:36:33,154,12.7,159,110,17,37,25,4,0,1912,-3,12,True,False,False,False,False,67,32,95,15,159,79,16.5,91,83
113,2023-11-30 20:29:34,2023-11-30 22:52:50,143,13.4,164,114,10,29,34,10,0,1956,-12,12,True,False,False,False,False,69,18,92,14,164,73,17.4,90,83
116,2023-11-27 15:27:20,2023-11-28 15:27:20,176,11.3,146,68,8,5,0,0,0,12959,2,94,False,False,True,False,False,56,45,94,13,147,66,17.0,93,13
117,2023-11-25 20:50:22,2023-11-25 23:25:06,154,11.6,164,105,44,25,13,5,0,2098,-4,12,True,False,False,False,False,68,25,95,15,164,77,16.6,88,87
119,2023-11-24 20:57:25,2023-11-25 00:00:00,182,14.5,162,117,15,49,30,5,0,2978,-56,8,True,False,False,False,False,59,35,97,16,162,79,17.2,89,99
120,2023-11-20 15:19:55,2023-11-20 17:38:31,138,11.9,149,105,19,30,25,1,0,8166,-4,76,False,False,True,False,False,53,56,94,12,149,64,17.1,91,75
122,2023-11-17 20:37:42,2023-11-18 20:29:15,164,18.2,174,76,6,3,6,3,0,5522,-8,8,True,False,False,False,False,58,28,95,19,174,70,17.1,89,18
124,2023-11-13 14:31:40,2023-11-13 17:16:00,164,10.0,142,99,40,33,6,0,0,9850,-4,82,False,False,True,False,False,53,39,94,11,148,67,17.4,89,79
126,2023-11-11 20:29:37,2023-11-11 23:10:24,160,13.3,164,114,21,45,28,2,0,2435,-14,13,True,False,False,False,False,68,32,94,15,164,81,17.1,92,96
128,2023-11-10 20:48:48,2023-11-10 23:46:44,177,15.1,161,115,23,13,34,15,0,2250,-10,11,True,False,False,False,False,56,57,0,16,161,75,,32,85
129,2023-11-07 15:03:52,2023-11-07 18:10:03,186,12.0,149,100,21,28,18,1,0,9368,-28,79,False,False,True,False,False,57,35,91,12,149,66,17.6,90,68
130,2023-11-04 21:14:13,2023-11-04 23:22:06,127,13.9,150,123,6,35,58,1,0,1784,-5,10,True,False,False,False,False,64,26,94,15,153,80,17.2,91,100
131,2023-10-30 12:47:22,2023-10-31 12:47:22,176,8.0,135,67,9,2,0,0,0,13847,-2,88,False,False,True,False,False,56,52,95,11,152,67,17.2,90,11
132,2023-10-28 21:09:12,2023-10-28 23:38:05,148,13.4,151,117,22,41,34,3,0,1443,0,11,True,False,False,False,False,65,27,95,15,151,75,16.1,91,100
134,2023-10-27 20:52:24,2023-10-28 00:04:27,192,17.0,176,125,6,37,45,10,2,1680,-6,12,True,False,False,False,False,57,49,94,18,176,79,16.7,91,100
136,2023-10-23 12:07:15,2023-10-23 16:01:11,176,12.6,147,94,25,8,19,0,0,8402,-93,81,False,False,True,False,False,51,48,94,14,172,68,17.3,92,52
138,2023-10-21 20:40:34,2023-10-21 23:15:38,155,13.8,152,117,18,43,37,2,0,1520,-2,11,True,False,False,False,False,63,31,94,15,152,79,16.7,90,100
139,2023-10-20 20:46:24,2023-10-20 23:24:48,158,13.7,156,113,19,26,37,5,0,1491,0,12,True,False,False,False,False,0,0,0,17,160,78,,32,87
140,2023-10-16 13:00:00,2023-10-16 15:30:00,150,5.5,119,84,36,3,0,0,0,0,0,0,False,False,True,False,False,57,41,96,6,132,64,16.9,88,39
142,2023-10-14 20:19:56,2023-10-14 23:00:26,160,13.6,152,116,19,48,33,0,0,1706,4,12,True,False,False,False,False,61,39,92,16,185,74,16.9,90,100
144,2023-10-13 20:48:49,2023-10-13 23:47:45,178,13.5,159,107,22,23,28,5,0,1538,-5,11,True,False,False,False,False,52,51,93,15,159,72,17.1,88,78
145,2023-10-11 14:45:00,2023-10-11 16:50:59,125,10.7,150,100,18,20,21,2,0,0,0,0,False,False,True,False,False,49,55,96,12,150,66,17.4,88,61
146,2023-10-07 20:35:08,2023-10-07 22:47:08,131,13.8,157,121,17,31,48,4,0,1284,-18,11,True,False,False,False,False,0,0,0,15,157,76,,32,100
148,2023-10-06 20:50:30,2023-10-06 23:45:28,174,14.0,160,112,39,23,25,8,0,0,0,0,True,False,False,False,False,60,26,95,15,160,76,16.6,94,95
149,2023-10-02 12:28:14,2023-10-02 16:00:43,212,12.9,150,95,19,5,22,3,0,9049,-438,77,False,False,True,False,False,52,50,96,13,150,67,16.6,90,49
150,2023-09-30 21:01:54,2023-09-30 23:08:05,126,13.0,164,116,23,43,29,4,0,1348,-5,11,True,False,False,False,False,0,0,0,13,164,75,,32,99
151,2023-09-29 20:51:04,2023-09-29 23:53:16,182,13.7,160,105,28,19,20,9,0,1567,7,11,True,False,False,False,False,55,46,94,17,183,76,17.0,91,76
152,2023-09-25 12:44:43,2023-09-25 14:57:27,132,6.6,133,91,45,16,0,0,0,8805,-427,78,False,False,True,False,False,55,37,92,7,138,66,15.9,93,61
154,2023-09-23 20:28:49,2023-09-23 23:04:05,155,13.8,162,117,24,39,28,8,0,1497,-6,11,True,False,False,False,False,63,40,93,15,162,76,16.8,92,99
155,2023-09-22 20:47:47,2023-09-22 23:46:13,178,14.7,171,108,22,18,15,16,0,1497,-4,11,True,False,False,False,False,58,27,94,15,171,72,16.3,90,71
156,2023-09-21 11:33:16,2023-09-21 15:00:20,207,8.1,124,94,51,20,0,0,0,8300,-63,80,False,False,True,False,False,50,57,94,12,141,75,16.9,88,71
157,2023-09-19 14:37:30,2023-09-19 15:38:59,61,11.6,151,129,1,19,78,2,0,0,0,0,False,False,True,False,False,55,51,93,13,151,65,16.0,89,100
159,2023-09-15 20:53:11,2023-09-15 23:48:42,175,13.2,168,104,16,25,16,5,1,1400,-1,11,True,False,False,False,False,57,33,92,17,168,74,16.4,93,63
161,2023-09-11 13:58:48,2023-09-11 15:55:41,116,6.6,121,95,56,20,0,0,0,8818,-5,77,False,False,True,False,False,67,28,91,9,125,70,16.5,94,76
163,2023-09-09 21:05:36,2023-09-09 23:19:10,133,14.7,169,122,16,30,35,17,0,1382,-5,12,True,False,False,False,False,65,39,95,17,181,78,17.0,90,98
165,2023-09-08 20:46:53,2023-09-08 23:48:44,181,14.1,166,107,34,22,13,11,0,1540,-3,11,True,False,False,False,False,56,37,94,15,166,72,15.9,91,80
167,2023-09-05 14:25:30,2023-09-05 16:22:17,116,7.1,126,94,44,26,0,0,0,0,0,0,False,False,True,False,False,56,38,91,10,133,70,16.1,91,70
169,2023-09-02 20:18:39,2023-09-02 22:39:59,141,15.3,173,124,11,29,51,8,1,1394,-5,11,True,False,False,False,False,65,30,92,16,173,76,16.9,92,100
170,2023-09-01 20:47:28,2023-09-01 23:22:37,155,15.9,163,117,16,11,22,30,0,1472,-7,12,True,False,False,False,False,52,45,93,17,163,78,17.0,89,79
171,2023-08-19 20:42:46,2023-08-19 23:08:03,145,13.4,154,116,17,46,35,1,0,1431,-383,12,True,False,False,False,False,62,42,93,15,154,73,16.5,90,99
173,2023-08-18 20:51:17,2023-08-18 23:47:28,176,14.2,166,108,16,14,29,8,0,1594,-3,13,True,False,False,False,False,54,37,94,15,166,71,16.6,92,67
175,2023-08-14 13:21:36,2023-08-14 15:37:11,135,7.4,124,94,60,15,0,0,0,7836,-21,75,False,False,True,False,False,53,38,92,8,144,65,15.8,93,75
177,2023-08-12 21:00:27,2023-08-12 23:28:20,147,15.8,166,123,21,19,43,17,0,1534,0,12,True,False,False,False,False,57,40,94,17,166,76,17.2,88,100
178,2023-08-11 20:44:16,2023-08-11 23:49:22,185,14.4,156,108,16,7,37,7,0,1589,-3,12,True,False,False,False,False,51,34,93,14,156,73,15.0,91,67
180,2023-08-07 14:05:55,2023-08-07 16:48:53,162,6.0,110,87,51,0,0,0,0,9250,-30,77,False,False,True,False,False,50,46,93,6,122,63,16.3,91,51
181,2023-08-05 20:49:33,2023-08-05 23:03:38,134,16.9,179,130,11,18,43,26,2,1427,-1,12,True,False,False,False,False,59,39,94,17,179,74,15.8,92,100
183,2023-08-04 20:49:04,2023-08-04 23:56:08,187,16.2,176,111,11,8,22,21,2,1558,4,11,True,False,False,False,False,53,41,94,17,176,73,16.2,92,64
184,2023-07-31 11:54:52,2023-07-31 14:12:44,137,4.3,111,79,19,0,0,0,0,9498,-315,72,False,False,True,False,False,50,52,95,9,164,67,15.3,89,19
186,2023-07-29 20:39:10,2023-07-29 22:55:18,136,14.5,159,122,15,32,41,11,0,1443,2,12,True,False,False,False,False,59,41,94,15,159,71,16.1,92,99
188,2023-07-28 20:48:58,2023-07-28 23:47:23,178,15.8,165,112,13,11,26,19,0,1618,-3,12,True,False,False,False,False,52,53,97,16,165,68,15.7,89,69
190,2023-07-24 13:19:51,2023-07-24 15:40:49,140,4.6,117,81,30,0,0,0,0,8576,-265,78,False,False,True,False,False,53,45,94,6,160,63,15.4,93,30
192,2023-07-22 20:42:32,2023-07-22 23:23:46,161,16.4,181,127,4,33,48,13,2,1510,0,12,True,False,False,False,False,61,33,95,17,181,75,16.8,93,100
195,2023-07-21 20:46:27,2023-07-21 23:48:24,181,16.7,180,111,14,7,16,20,5,1537,-3,11,True,False,False,False,False,55,31,96,18,180,74,16.9,93,62
197,2023-07-17 13:14:35,2023-07-17 15:44:17,149,4.9,107,82,31,0,0,0,0,8186,-15,74,False,False,True,False,False,53,63,94,5,123,63,16.9,90,31
198,2023-07-15 21:03:52,2023-07-15 23:32:46,148,16.1,157,128,7,22,57,14,0,1436,-3,11,True,False,False,False,False,66,32,95,17,157,80,16.9,92,100
199,2023-07-14 20:45:12,2023-07-14 23:47:47,182,15.5,160,115,27,10,39,12,0,1448,-15,11,True,False,False,False,False,54,46,95,16,160,76,16.6,88,88
201,2023-07-10 13:30:11,2023-07-10 15:41:08,130,8.0,128,100,31,45,1,0,0,8565,-26,77,False,False,True,False,False,54,47,96,8,128,68,16.4,92,77
203,2023-07-08 20:50:45,2023-07-08 23:22:47,152,14.4,155,119,12,37,45,4,0,1981,-3,11,True,False,False,False,False,0,0,0,17,190,74,,32,98
204,2023-07-07 20:49:03,2023-07-07 23:41:58,172,13.6,161,106,30,21,22,6,0,1556,-3,11,True,False,False,False,False,53,45,94,15,161,76,16.6,91,79
205,2023-07-03 11:55:25,2023-07-03 14:52:12,176,5.4,116,83,34,2,0,0,0,8902,-243,77,False,False,True,False,False,53,52,93,7,132,65,16.8,93,36
206,2023-07-01 20:45:09,2023-07-01 23:22:50,157,15.7,157,127,4,32,54,10,0,1568,0,12,True,False,False,False,False,67,22,95,17,157,72,16.8,93,100
208,2023-06-30 20:47:10,2023-06-30 23:40:11,173,15.2,169,109,13,13,26,14,0,1509,-1,11,True,False,False,False,False,57,24,94,15,169,75,16.1,92,66
210,2023-06-26 12:51:42,2023-06-26 15:00:55,129,11.0,154,101,24,18,12,8,0,9263,-17,75,False,False,True,False,False,53,53,95,11,154,68,16.4,90,62
211,2023-06-24 20:33:00,2023-06-24 23:13:42,160,15.8,176,125,5,35,47,11,2,1439,0,11,True,False,False,False,False,62,27,95,16,176,76,16.9,93,100
212,2023-06-23 20:50:03,2023-06-23 23:49:44,179,13.7,156,106,18,14,34,3,0,1694,0,12,True,False,False,False,False,53,28,94,15,156,77,15.5,89,69
213,2023-06-17 20:35:02,2023-06-17 23:15:08,160,13.5,155,113,29,42,25,2,0,1561,-1,11,True,False,False,False,False,63,41,93,14,155,77,16.7,89,98
214,2023-06-16 20:48:46,2023-06-16 23:49:56,181,14.7,176,106,13,14,24,8,2,1435,-3,11,True,False,False,False,False,52,39,94,16,176,76,17.9,90,61
215,2023-06-12 11:22:59,2023-06-12 13:26:15,123,4.4,119,85,43,3,0,0,0,10153,-25,77,False,False,True,False,False,57,34,94,4,120,64,17.9,93,46
216,2023-06-10 20:32:33,2023-06-10 22:49:20,136,13.5,163,119,14,41,38,5,0,1200,-427,11,True,False,False,False,False,65,32,94,14,163,74,17.5,89,98
218,2023-06-09 20:53:00,2023-06-09 23:46:59,173,13.4,157,105,14,12,32,5,0,1395,-31,11,True,False,False,False,False,0,0,0,14,157,71,,32,63
220,2023-06-05 13:19:48,2023-06-05 14:16:06,176,12.1,151,134,0,13,58,29,0,0,0,0,False,False,True,False,False,52,35,92,14,151,68,17.6,91,100
221,2023-06-03 20:57:59,2023-06-03 23:22:46,144,16.1,183,129,2,30,53,14,1,1390,-3,12,True,False,False,False,False,61,27,93,17,183,78,17.3,92,100
223,2023-06-02 20:50:15,2023-06-02 23:09:02,138,14.3,162,114,10,17,39,12,0,1405,0,11,True,False,False,False,False,54,34,93,15,162,74,17.5,90,78
224,2023-05-29 12:14:32,2023-05-29 14:37:55,143,7.4,134,93,42,19,2,0,0,10875,-19,78,False,False,True,False,False,52,32,93,8,134,64,17.9,94,63
227,2023-05-27 20:20:55,2023-05-27 22:50:24,149,14.7,182,116,23,31,34,5,2,1413,0,12,True,False,False,False,False,59,23,94,16,182,75,16.6,93,95
228,2023-05-26 20:48:04,2023-05-26 23:47:46,179,16.8,180,112,12,14,18,20,3,1495,1,11,True,False,False,False,False,50,35,92,17,180,77,17.5,93,67
229,2023-05-22 13:10:38,2023-05-22 15:53:28,162,5.4,123,86,40,6,0,0,0,335,44,4,False,False,True,False,False,57,32,93,6,137,66,17.1,94,46
231,2023-05-20 20:27:08,2023-05-20 23:02:30,155,15.8,170,125,14,23,42,18,1,1479,-2,12,True,False,False,False,False,59,32,92,16,170,74,17.7,92,98
232,2023-05-19 20:54:20,2023-05-19 23:49:42,175,13.8,159,110,22,9,40,7,0,1544,-1,11,True,False,False,False,False,56,26,94,14,159,74,16.5,32,78
234,2023-05-15 12:16:48,2023-05-15 14:17:13,120,6.1,118,92,49,18,0,0,0,9251,-37,76,False,False,True,False,False,54,34,93,8,130,66,17.5,91,67
235,2023-05-13 21:04:09,2023-05-13 23:23:05,138,12.2,159,108,42,23,19,5,0,1373,0,11,True,False,False,False,False,59,30,93,16,184,77,17.5,90,89
236,2023-05-12 20:46:01,2023-05-12 23:47:17,181,13.5,157,107,21,20,31,4,0,1362,-6,11,True,False,False,False,False,59,29,95,14,157,72,17.3,91,76
238,2023-05-08 12:03:54,2023-05-08 14:10:54,126,12.6,151,108,17,13,39,5,0,7421,-425,73,False,False,True,False,False,56,36,94,13,151,67,16.5,90,74
239,2023-05-06 20:36:54,2023-05-06 22:48:06,131,15.4,161,130,1,26,52,21,0,1327,-11,11,True,False,False,False,False,63,26,94,17,161,79,17.1,93,100
240,2023-05-05 20:36:53,2023-05-05 22:43:29,126,15.3,176,124,11,15,46,16,4,1167,6,11,True,False,False,False,False,55,32,93,15,176,72,17.2,90,92
242,2023-05-01 11:53:07,2023-05-01 14:02:36,129,11.8,148,107,20,22,32,2,0,7483,-24,74,False,False,True,False,False,57,49,93,12,148,66,16.3,91,76
244,2023-04-29 20:45:16,2023-04-29 23:26:02,160,12.9,153,112,26,41,28,1,0,1379,-4,11,True,False,False,False,False,60,32,94,15,153,75,17.6,92,96
246,2023-04-28 20:52:05,2023-04-28 23:49:18,177,13.4,168,106,28,20,15,12,0,1396,2,12,True,False,False,False,False,57,33,91,14,168,71,16.3,88,75
248,2023-04-24 13:22:31,2023-04-24 15:15:36,113,5.3,111,87,57,2,0,0,0,7776,-208,73,False,False,True,False,False,56,37,92,7,140,65,16.9,94,59
250,2023-04-22 20:34:52,2023-04-22 22:59:51,144,15.3,164,127,3,31,50,16,0,1427,-7,12,True,False,False,False,False,61,25,92,16,164,78,16.2,92,100
251,2023-04-21 20:50:30,2023-04-21 23:47:37,177,13.6,169,105,14,13,25,11,0,102,-1,2,True,False,False,False,False,60,22,93,13,169,71,16.8,90,63
252,2023-04-17 12:12:15,2023-04-18 12:12:15,176,12.4,147,67,7,0,2,0,0,15209,-36,77,False,False,True,False,False,58,35,94,4,116,61,17.9,90,9
253,2023-04-15 20:41:49,2023-04-15 23:04:20,142,14.9,181,123,9,31,51,7,2,1471,-19,11,True,False,False,False,False,64,26,95,16,181,71,17.1,89,100
255,2023-04-14 20:51:30,2023-04-14 23:46:27,174,11.9,148,106,17,36,24,0,0,1412,-2,11,True,False,False,False,False,63,26,92,13,148,74,16.8,90,77
257,2023-04-10 12:49:51,2023-04-10 15:08:36,138,4.5,113,85,39,2,0,0,0,7689,-23,77,False,False,True,False,False,0,0,0,7,140,68,,32,41
258,2023-04-08 20:38:33,2023-04-08 22:41:40,123,18.0,182,139,1,18,26,44,11,1348,-1,11,True,False,False,False,False,65,25,92,18,182,72,17.1,90,100
260,2023-04-07 20:52:53,2023-04-07 23:47:11,174,12.9,0,0,0,0,0,0,0,0,0,0,True,False,False,False,False,53,40,94,9,153,71,16.6,89,0
261,2023-04-05 14:26:08,2023-04-05 14:56:46,176,8.2,144,129,0,28,72,0,0,0,0,0,False,False,True,False,False,62,25,93,11,144,70,16.6,93,100
263,2023-04-03 13:43:32,2023-04-03 15:46:42,123,14.6,155,117,11,9,37,22,0,7741,-17,75,False,False,True,False,False,60,29,92,15,155,73,17.0,92,79
265,2023-04-01 20:44:32,2023-04-01 23:07:19,142,15.2,158,126,6,27,58,9,0,1578,2,11,True,False,False,False,False,60,32,95,17,158,73,17.4,93,100
266,2023-03-31 20:49:55,2023-03-31 23:55:09,185,14.0,163,106,11,9,32,9,0,1498,0,11,True,False,False,False,False,61,24,96,15,163,75,17.2,94,61
268,2023-03-27 13:39:28,2023-03-27 15:43:45,124,11.4,148,105,19,12,34,3,0,7486,-1,75,False,False,True,False,False,58,23,94,11,148,70,16.9,93,68
269,2023-03-25 20:49:42,2023-03-25 23:04:32,134,15.3,178,121,13,21,37,15,5,1454,-6,11,True,False,False,False,False,60,26,95,16,178,76,17.0,89,91
270,2023-03-24 20:52:13,2023-03-24 23:55:01,182,14.8,177,107,13,12,29,7,3,1497,-8,11,True,False,False,False,False,53,35,94,16,177,74,16.7,89,64
271,2023-03-20 13:21:28,2023-03-20 15:33:33,132,4.8,128,88,49,9,0,0,0,8265,-35,75,False,False,True,False,False,65,22,92,5,128,67,16.9,94,58
273,2023-03-18 20:44:39,2023-03-18 23:18:29,153,14.6,159,124,11,29,46,14,0,1465,1,12,True,False,False,False,False,66,33,94,15,159,77,17.2,93,100
274,2023-03-17 20:51:42,2023-03-17 23:50:52,179,12.9,156,107,25,16,33,4,0,3535,0,12,True,False,False,False,False,59,29,96,13,156,74,16.1,92,78
276,2023-03-16 13:41:52,2023-03-16 15:55:01,133,12.2,153,104,15,10,18,14,0,5568,-26,46,False,False,True,False,False,59,31,93,12,153,68,15.9,89,57
279,2023-03-11 21:32:32,2023-03-11 23:30:04,117,12.1,150,116,22,43,32,2,0,958,-4,9,True,False,False,False,False,64,29,93,13,150,76,16.4,91,99
280,2023-03-10 20:54:53,2023-03-10 23:48:56,174,14.3,172,110,24,11,37,6,1,1481,-1,12,True,False,False,False,False,63,28,93,15,172,77,17.1,91,79
282,2023-03-06 12:49:25,2023-03-06 15:25:51,156,11.9,150,101,29,6,27,2,0,7749,-509,76,False,False,True,False,False,57,45,94,12,150,68,17.2,91,64
283,2023-03-03 20:50:14,2023-03-03 23:53:44,183,13.7,167,105,9,12,26,13,0,1435,2,12,True,False,False,False,False,58,35,93,14,167,74,15.6,88,60
284,2023-03-02 12:35:58,2023-03-02 14:54:46,138,7.3,142,101,47,35,4,0,0,7955,-19,76,False,False,True,False,False,53,45,98,8,142,69,17.3,93,86
285,2023-02-25 20:31:01,2023-02-25 23:00:58,149,14.2,156,121,9,38,46,7,0,1388,3,12,True,False,False,False,False,0,0,0,15,156,78,,32,100
286,2023-02-24 20:49:05,2023-02-24 23:49:56,180,13.3,153,104,14,13,31,5,0,1532,-7,11,True,False,False,False,False,57,37,96,15,153,74,16.3,93,63
288,2023-02-21 11:24:42,2023-02-21 13:28:23,123,7.9,135,97,27,35,7,0,0,7670,-23,75,False,False,True,False,False,55,51,92,8,135,72,17.3,90,69
289,2023-02-18 21:00:33,2023-02-18 23:00:29,119,12.5,170,117,22,31,38,6,0,1462,67,16,True,False,False,False,False,62,34,94,14,170,76,15.7,91,97
290,2023-02-17 20:51:33,2023-02-17 23:53:12,181,14.7,170,116,22,39,22,12,1,1391,1,11,True,False,False,False,False,63,30,96,15,170,80,16.3,90,96
291,2023-02-15 13:47:21,2023-02-15 16:15:26,148,5.3,131,90,51,8,1,0,0,7912,-183,76,False,False,True,False,False,58,38,94,5,131,67,16.8,88,60
292,2023-02-11 20:50:20,2023-02-11 23:24:51,154,13.4,178,119,14,31,49,3,0,1362,-1,12,True,False,False,False,False,66,33,95,14,178,77,17.1,93,97
293,2023-02-04 20:35:26,2023-02-04 23:24:46,169,16.3,162,126,9,26,49,16,0,1400,3,12,True,False,False,False,False,71,39,94,17,162,81,18.0,94,100
295,2023-02-03 20:50:58,2023-02-03 23:49:49,178,14.6,160,111,25,7,33,14,0,1414,-2,11,True,False,False,False,False,56,36,93,15,160,74,17.7,89,79
296,2023-01-28 20:38:56,2023-01-28 23:09:29,150,10.7,154,107,33,49,11,1,0,1554,0,12,True,False,False,False,False,62,31,93,12,154,75,17.6,93,94
297,2023-01-27 20:51:08,2023-01-27 23:51:11,180,11.6,152,103,19,34,15,3,0,1447,0,11,True,False,False,False,False,69,23,92,12,152,76,16.1,32,71
299,2023-01-21 20:59:23,2023-01-21 23:18:17,138,13.2,154,117,16,46,37,1,0,1470,-1,12,True,False,False,False,False,61,38,95,16,178,78,16.8,94,100
300,2023-01-20 20:52:37,2023-01-20 23:51:28,178,16.7,180,116,32,11,27,14,4,1511,-5,11,True,False,False,False,False,59,28,94,18,180,76,17.1,92,88
301,2023-01-18 13:36:25,2023-01-18 16:11:11,154,13.2,155,104,25,4,26,6,0,8352,-352,76,False,False,True,False,False,59,32,91,14,155,71,17.0,91,61
303,2023-01-14 21:01:44,2023-01-14 23:35:31,153,17.2,193,128,10,28,42,9,11,1307,0,12,True,False,False,False,False,59,27,94,17,193,76,15.9,92,100
304,2023-01-13 20:40:12,2023-01-13 23:03:13,143,16.1,183,121,14,20,34,14,7,1245,2,12,True,False,False,False,False,62,31,94,16,183,74,16.4,91,89
305,2023-01-07 20:37:33,2023-01-07 23:10:30,152,16.4,175,126,10,20,45,22,0,1470,0,11,True,False,False,False,False,61,33,94,16,175,76,16.6,88,97
306,2023-01-06 20:55:43,2023-01-06 23:55:38,179,12.8,150,108,26,36,24,0,0,1547,-1,12,True,False,False,False,False,61,28,94,13,165,73,17.0,92,86
307,2022-12-31 20:52:39,2023-01-01 00:52:00,164,16.3,161,121,18,31,37,13,0,1212,-14,8,True,False,False,False,False,61,32,96,17,161,73,17.3,91,99
308,2022-12-30 20:29:45,2022-12-30 22:57:00,147,13.4,156,116,14,42,34,4,0,740,0,10,True,False,False,False,False,55,38,93,14,159,75,17.4,93,94
309,2022-12-26 11:54:14,2022-12-26 14:36:24,162,5.1,138,82,32,8,0,0,0,7334,-608,75,False,False,True,False,False,57,35,94,5,138,64,16.5,91,40
310,2022-12-24 20:44:31,2022-12-24 23:04:35,140,13.6,151,118,13,46,38,2,0,714,-4,9,True,False,False,False,False,68,33,94,14,161,75,17.3,88,99
311,2022-12-23 20:53:21,2022-12-23 23:46:08,172,10.3,145,101,31,41,10,0,0,733,-4,10,True,False,False,False,False,61,24,93,12,170,73,16.2,93,82
312,2022-12-16 20:51:07,2022-12-16 23:48:16,177,12.9,197,104,27,36,13,1,3,752,-4,10,True,False,False,False,False,59,34,93,14,201,74,17.1,91,80
313,2022-12-15 13:20:17,2022-12-15 15:30:12,129,1.2,121,75,13,0,0,0,0,7628,-52,79,False,False,True,False,False,56,39,93,7,155,68,15.7,91,13
314,2022-12-13 13:24:12,2022-12-13 16:45:43,201,13.8,154,105,18,15,41,2,0,12837,-39,65,False,False,True,False,False,53,53,95,16,170,72,16.5,89,76
315,2022-12-10 21:05:00,2022-12-10 23:33:00,148,13.3,162,116,23,34,29,10,0,0,0,0,True,False,False,False,False,64,25,92,18,201,78,17.4,90,96
316,2022-12-09 20:53:13,2022-12-09 23:51:25,178,10.4,153,103,43,26,14,1,0,733,-1,10,True,False,False,False,False,53,47,95,14,168,72,16.0,90,84
318,2022-12-08 12:34:12,2022-12-08 15:34:04,179,9.3,150,89,22,6,8,3,0,7842,-538,77,False,False,True,False,False,0,0,0,14,172,71,,32,39
319,2022-12-05 13:49:24,2022-12-05 16:34:32,165,4.3,118,81,20,1,0,0,0,6925,0,75,False,False,True,False,False,56,45,94,14,180,70,17.3,93,21
320,2022-12-03 21:18:55,2022-12-03 23:31:29,132,11.6,154,111,15,47,26,1,0,722,3,10,True,False,False,False,False,63,36,95,16,167,70,16.2,90,89
322,2022-12-02 20:50:13,2022-12-02 23:47:28,177,12.6,164,105,17,36,16,5,0,731,-4,10,True,False,False,False,False,61,31,94,15,164,76,16.5,92,74
324,2022-11-30 19:03:46,2022-11-30 19:51:23,47,10.8,157,130,1,21,58,20,0,0,0,0,False,True,False,False,False,57,38,93,15,157,72,17.1,92,100
326,2022-11-28 13:24:54,2022-11-28 15:38:37,133,12.8,152,105,16,6,32,7,0,7661,-203,74,False,False,True,False,False,61,34,94,15,170,72,17.3,90,61
328,2022-11-26 20:35:56,2022-11-26 23:17:01,161,12.5,159,109,31,40,21,1,0,839,0,10,True,False,False,False,False,58,41,96,16,167,79,16.1,93,93
329,2022-11-25 20:50:05,2022-11-25 23:38:36,168,16.4,188,114,18,10,23,17,5,793,0,10,True,False,False,False,False,58,27,96,18,188,75,17.0,92,73
330,2022-11-18 20:52:45,2022-11-18 23:44:31,171,10.7,151,100,24,29,14,0,0,760,-177,10,True,False,False,False,False,58,35,92,17,158,77,17.3,90,67
332,2022-11-18 12:52:01,2022-11-18 16:57:54,176,14.1,158,99,27,14,11,8,0,14426,-446,65,False,False,True,False,False,58,35,92,17,158,77,17.3,90,60
334,2022-11-14 13:09:39,2022-11-14 15:23:38,133,12.2,153,104,21,7,35,4,0,7487,0,74,False,False,True,False,False,58,31,94,14,162,72,17.1,92,67
336,2022-11-11 20:52:27,2022-11-11 23:48:18,175,13.9,160,107,25,11,28,10,0,717,-4,10,True,False,False,False,False,59,32,95,17,160,76,16.1,91,74
337,2022-11-11 13:29:14,2022-11-11 15:53:04,143,13.7,154,104,18,4,21,15,0,7472,-303,76,False,False,True,False,False,59,32,95,17,160,76,16.1,91,58
338,2022-11-05 20:34:00,2022-11-05 23:24:34,170,14.6,158,117,23,37,32,6,0,815,1,10,True,False,False,False,False,66,31,95,16,160,79,16.8,94,98
340,2022-11-04 20:55:04,2022-11-04 23:40:40,165,14.4,169,109,12,14,29,10,0,847,6,10,True,False,False,False,False,58,32,95,17,169,74,17.0,92,65
342,2022-11-03 13:14:38,2022-11-03 16:46:01,211,9.5,147,91,31,6,7,0,0,12909,1,65,False,False,True,False,False,54,38,92,15,148,72,16.6,91,44
344,2022-10-31 13:43:30,2022-10-31 15:37:44,114,13.1,153,108,11,4,25,20,0,7506,-15,75,False,False,True,False,False,53,40,95,15,153,68,16.5,87,60
345,2022-10-29 20:16:54,2022-10-29 22:40:12,143,13.0,156,114,28,39,32,0,0,749,-8,10,True,False,False,False,False,69,46,95,14,156,77,17.1,91,99
347,2022-10-28 20:51:50,2022-10-28 23:57:14,185,12.8,156,101,22,13,23,3,0,700,-3,10,True,False,False,False,False,60,33,94,17,159,75,16.2,92,61
349,2022-10-24 12:30:11,2022-10-24 14:44:45,134,6.9,140,91,25,21,7,0,0,8569,-424,76,False,False,True,False,False,55,50,92,9,147,68,16.9,92,53
351,2022-10-22 20:37:15,2022-10-22 23:06:34,149,12.8,152,112,32,38,26,2,0,747,0,10,True,False,False,False,False,60,37,94,16,169,80,16.7,92,98
352,2022-10-21 20:55:27,2022-10-21 23:04:05,128,14.2,164,117,12,17,39,17,0,739,-2,10,True,False,False,False,False,52,58,95,16,164,76,16.9,88,85
353,2022-10-21 13:42:10,2022-10-21 15:44:37,122,7.3,134,93,42,21,4,0,0,7644,-611,74,False,False,True,False,False,52,58,95,16,164,76,16.9,88,67
354,2022-10-18 12:13:10,2022-10-18 14:30:33,137,5.2,114,85,39,5,0,0,0,7481,-594,78,False,False,True,False,False,54,48,93,10,146,69,16.5,92,44
355,2022-10-15 20:50:44,2022-10-15 23:03:39,132,14.3,159,123,16,21,50,13,0,781,-4,10,True,False,False,False,False,70,46,93,15,159,77,17.1,93,100
357,2022-10-14 20:54:19,2022-10-14 23:56:07,181,11.8,155,103,22,36,16,1,0,884,0,10,True,False,False,False,False,54,45,95,16,155,75,16.4,92,75
359,2022-10-08 20:38:38,2022-10-08 23:32:37,173,8.5,144,94,29,32,2,0,0,634,0,9,True,False,False,False,False,60,31,95,11,144,74,17.4,92,63
360,2022-10-07 20:56:36,2022-10-07 23:43:15,166,13.5,158,107,20,18,25,9,0,783,0,10,True,False,False,False,False,52,44,93,15,158,72,16.2,91,72
361,2022-10-07 12:44:11,2022-10-07 15:07:25,143,6.1,143,85,33,2,3,0,0,7578,0,75,False,False,True,False,False,52,44,93,15,158,72,16.2,91,38
362,2022-10-05 13:03:08,2022-10-05 16:54:52,176,6.8,135,85,34,6,0,0,0,14062,-1,65,False,False,True,False,False,63,25,92,10,142,70,17.5,91,40
364,2022-10-03 12:50:07,2022-10-03 15:16:01,145,4.4,113,83,29,0,0,0,0,7733,6,75,False,False,True,False,False,53,44,95,5,137,64,16.5,91,29
365,2022-10-01 20:39:05,2022-10-01 23:01:37,142,17.0,171,133,3,22,42,33,0,759,0,10,True,False,False,False,False,59,41,92,18,171,71,17.1,93,100
367,2022-09-30 20:50:20,2022-09-30 23:53:18,182,14.7,157,108,15,14,25,14,0,839,3,10,True,False,False,False,False,57,37,92,15,157,72,15.9,92,68
368,2022-09-30 12:20:07,2022-09-30 14:44:45,144,6.8,133,89,42,8,2,0,0,8772,-469,76,False,False,True,False,False,57,37,92,15,157,72,15.9,92,52
369,2022-09-24 20:33:14,2022-09-24 23:06:05,152,10.0,142,104,44,46,4,0,0,748,-1,10,True,False,False,False,False,61,34,93,14,156,77,15.8,91,94
370,2022-09-23 21:03:18,2022-09-23 23:46:40,163,16.6,163,126,10,31,40,19,0,809,-1,10,True,False,False,False,False,55,49,95,18,163,79,16.9,92,100
371,2022-09-23 11:19:56,2022-09-23 13:27:11,127,8.2,131,98,50,27,1,0,0,7173,-157,73,False,False,True,False,False,55,49,95,18,163,79,16.9,92,78
372,2022-09-20 11:11:14,2022-09-20 13:24:14,133,5.7,135,90,41,12,1,0,0,6814,-625,73,False,False,True,False,False,54,46,92,6,135,68,16.5,90,54
373,2022-09-17 20:40:31,2022-09-17 22:46:26,125,16.2,164,132,1,20,54,25,0,803,0,10,True,False,False,False,False,65,31,93,17,164,78,16.7,92,100
374,2022-09-16 20:54:32,2022-09-16 23:49:21,174,14.9,163,115,42,14,30,12,0,813,1,10,True,False,False,False,False,56,37,94,17,163,76,15.8,92,98
375,2022-09-16 11:06:44,2022-09-16 13:11:57,125,9.0,149,95,47,11,5,3,0,8195,-505,73,False,False,True,False,False,56,37,94,17,163,76,15.8,92,66
376,2022-09-12 10:57:41,2022-09-12 12:48:09,110,9.0,144,101,15,48,8,0,0,7660,57,73,False,False,True,False,False,58,34,92,12,157,69,17.8,93,71
378,2022-09-10 20:42:17,2022-09-10 23:20:09,157,14.7,161,121,20,26,46,8,0,1601,-2,8,True,False,False,False,False,60,36,94,16,161,76,16.4,87,100
380,2022-09-09 20:53:06,2022-09-09 23:58:45,185,13.6,155,109,40,22,25,5,0,0,0,0,True,False,False,False,False,53,52,94,14,155,73,16.9,91,92
381,2022-09-09 11:03:22,2022-09-09 12:59:45,116,6.2,122,91,54,14,0,0,0,7326,0,73,False,False,True,False,False,53,52,94,14,155,73,16.9,91,68
382,2022-09-07 10:53:45,2022-09-07 12:59:01,125,5.9,132,87,37,7,1,0,0,8403,-244,73,False,False,True,False,False,53,41,94,12,157,71,16.5,92,45
383,2022-09-06 16:57:43,2022-09-06 17:49:00,51,9.4,158,117,20,38,33,7,0,0,0,0,False,True,False,False,False,53,53,94,13,171,69,17.1,93,98
384,2022-09-03 20:33:17,2022-09-03 22:20:01,106,11.6,157,114,22,43,31,1,0,663,27,8,True,False,False,False,False,62,38,93,14,157,78,16.1,91,97
386,2022-09-02 20:54:48,2022-09-02 23:51:07,176,12.7,163,108,46,24,21,3,0,790,-1,10,True,False,False,False,False,54,39,95,17,177,83,15.6,91,94
387,2022-09-02 11:46:27,2022-09-02 15:36:01,176,8.3,131,94,62,13,0,0,0,12464,0,65,False,False,True,False,False,54,39,95,17,177,83,15.6,91,75
388,2022-08-31 10:59:25,2022-08-31 12:59:07,119,4.8,112,85,34,5,0,0,0,6840,-195,73,False,False,True,False,False,57,48,95,6,133,67,17.0,90,39
389,2022-08-26 20:51:22,2022-08-26 23:55:12,183,13.9,156,111,29,19,37,3,0,822,-2,10,True,False,False,False,False,60,24,95,15,156,74,16.3,91,88
391,2022-08-26 12:10:18,2022-08-26 16:00:17,176,8.9,142,88,21,11,7,0,0,12520,-432,65,False,False,True,False,False,60,24,95,15,156,74,16.3,91,39
393,2022-08-23 10:42:03,2022-08-23 13:00:45,138,1.1,113,80,21,0,0,0,0,7352,-13,75,False,False,True,False,False,53,41,96,4,133,65,17.2,91,21
394,2022-08-20 20:24:43,2022-08-20 22:45:28,140,9.5,138,103,35,48,5,0,0,839,-2,10,True,False,False,False,False,57,40,96,12,155,72,16.2,92,88
395,2022-08-19 21:10:34,2022-08-19 23:59:07,168,14.2,154,116,29,28,39,3,0,761,1,10,True,False,False,False,False,58,39,94,15,154,76,16.5,90,99
396,2022-08-19 12:02:34,2022-08-19 14:10:53,128,6.4,130,88,36,13,1,0,0,6691,-100,73,False,False,True,False,False,58,39,94,15,154,76,16.5,90,50
397,2022-08-17 12:10:52,2022-08-17 16:49:59,176,7.1,128,86,40,5,0,0,0,12613,1,65,False,False,True,False,False,59,38,94,10,155,69,17.1,93,45
399,2022-08-13 20:38:48,2022-08-13 23:36:45,177,10.5,151,105,43,39,10,0,0,781,-25,10,True,False,False,False,False,66,28,94,11,151,73,16.2,90,92
400,2022-08-12 20:59:49,2022-08-12 23:56:16,176,13.8,170,107,42,12,21,9,0,854,-10,10,True,False,False,False,False,56,39,95,15,170,75,15.5,91,84
401,2022-08-09 11:00:00,2022-08-09 13:00:00,120,5.0,109,82,42,0,0,0,0,0,0,0,False,False,True,False,False,54,39,92,6,132,68,15.9,92,42
402,2022-08-06 20:55:26,2022-08-06 23:25:53,150,15.6,156,124,15,27,45,13,0,827,0,10,True,False,False,False,False,66,38,94,20,178,84,15.7,93,100
403,2022-08-05 20:59:33,2022-08-05 23:51:15,171,12.7,150,108,47,26,23,0,0,993,0,10,True,False,False,False,False,53,45,94,17,154,78,15.1,32,96
404,2022-08-05 12:01:00,2022-08-05 15:52:29,176,7.6,132,88,34,10,0,0,0,12728,-561,65,False,False,True,False,False,53,45,94,17,154,78,15.1,32,44
405,2022-08-02 11:04:03,2022-08-02 13:08:30,124,4.0,103,78,12,0,0,0,0,6640,-5,73,False,False,True,False,False,54,44,96,6,132,67,17.3,89,12
406,2022-07-30 20:43:15,2022-07-30 23:08:02,144,14.8,157,121,16,18,50,12,0,853,-4,10,True,False,False,False,False,59,37,93,16,202,74,15.6,91,96
407,2022-07-29 20:50:04,2022-07-29 23:50:55,180,14.5,161,113,28,31,27,7,0,879,3,10,True,False,False,False,False,53,44,95,16,161,76,15.8,91,93
408,2022-07-29 12:02:51,2022-07-29 16:27:49,176,7.6,133,85,33,8,0,0,0,12968,0,65,False,False,True,False,False,53,44,95,16,161,76,15.8,91,41
409,2022-07-26 11:01:30,2022-07-26 12:59:39,118,6.0,115,87,57,9,0,0,0,7312,-17,73,False,False,True,False,False,53,55,95,10,138,67,17.2,91,66
411,2022-07-23 20:30:02,2022-07-23 23:10:57,160,14.9,154,117,12,32,46,10,0,826,1,10,True,False,False,False,False,56,36,96,17,154,74,15.1,91,100
412,2022-07-22 20:54:31,2022-07-22 23:49:09,174,16.2,155,119,11,26,46,15,0,906,0,10,True,False,False,False,False,55,40,94,18,155,79,16.1,93,98
414,2022-07-22 12:17:15,2022-07-22 16:15:11,176,9.4,142,92,58,13,3,0,0,14918,-12,65,False,False,True,False,False,55,40,94,18,155,79,16.1,93,74
416,2022-07-19 10:58:25,2022-07-19 13:07:22,128,5.0,114,83,45,5,0,0,0,6821,29,73,False,False,True,False,False,54,43,95,12,170,66,15.6,93,50
417,2022-07-16 20:42:39,2022-07-16 23:24:29,161,14.4,155,114,23,29,34,13,0,806,4,10,True,False,False,False,False,58,35,95,15,155,71,15.4,89,99
419,2022-07-15 20:54:29,2022-07-16 00:10:00,195,18.5,159,128,3,13,49,32,1,842,2,10,True,False,False,False,False,55,49,95,20,159,88,15.9,92,98
420,2022-07-15 11:56:03,2022-07-15 16:01:26,176,12.6,144,96,41,20,6,4,0,12431,-288,65,False,False,True,False,False,55,49,95,20,159,88,15.9,92,71
421,2022-07-13 11:21:18,2022-07-13 13:28:11,126,7.1,141,90,56,10,4,0,0,7202,-123,73,False,False,True,False,False,54,37,96,9,141,66,15.7,91,70
422,2022-07-09 20:57:26,2022-07-09 23:22:49,145,14.5,163,112,29,19,25,16,2,778,1,10,True,False,False,False,False,61,43,95,15,163,72,15.8,90,91
423,2022-07-08 21:00:00,2022-07-08 23:35:00,155,15.2,161,115,23,34,27,16,0,0,0,0,True,False,False,False,False,55,43,95,18,161,80,15.2,89,100
424,2022-07-08 11:54:03,2022-07-08 16:12:59,176,11.6,135,96,45,35,2,0,0,12547,-18,65,False,False,True,False,False,55,43,95,18,161,80,15.2,89,82
425,2022-07-06 11:00:59,2022-07-06 13:04:00,123,12.0,153,96,12,15,16,10,0,6933,1,73,False,False,True,False,False,55,48,94,17,173,71,16.5,91,53
426,2022-07-02 21:00:00,2022-07-02 23:20:00,140,16.1,160,122,15,13,45,24,1,0,0,0,True,False,False,False,False,63,53,94,17,160,78,15.9,89,98
427,2022-07-01 20:58:30,2022-07-01 23:52:48,174,15.1,168,110,31,22,25,13,1,886,0,10,True,False,False,False,False,53,51,95,19,168,79,15.9,92,92
428,2022-07-01 12:10:01,2022-07-01 16:08:52,176,15.0,153,103,27,33,11,10,0,13018,-2,65,False,False,True,False,False,53,51,95,19,168,79,15.9,92,81
429,2022-06-28 11:15:45,2022-06-28 13:15:00,119,6.0,114,90,42,27,0,0,0,6745,0,73,False,False,True,False,False,51,66,95,13,178,66,16.2,92,69
431,2022-06-25 20:37:33,2022-06-25 23:35:00,177,14.3,156,112,30,23,39,7,0,1411,1,8,True,False,False,False,False,52,53,96,19,156,77,16.1,89,99
432,2022-06-24 20:52:53,2022-06-24 23:57:25,184,14.8,154,112,34,17,40,8,0,1002,3,10,True,False,False,False,False,52,53,96,19,156,77,16.1,89,99
433,2022-06-24 12:04:44,2022-06-24 16:04:09,176,11.8,147,98,53,25,8,1,0,12775,0,65,False,False,True,False,False,52,53,96,19,156,77,16.1,89,87
434,2022-06-20 11:57:45,2022-06-20 14:36:58,159,5.4,118,84,51,4,0,0,0,6847,0,73,False,False,True,False,False,54,52,92,6,118,66,16.9,92,55
435,2022-06-18 20:59:57,2022-06-18 23:27:38,147,15.2,153,117,17,22,41,18,0,729,4,10,True,False,False,False,False,63,40,94,16,153,78,15.7,89,98
437,2022-06-17 20:56:01,2022-06-17 23:50:12,174,16.0,161,115,22,35,19,23,0,796,0,10,True,False,False,False,False,56,51,94,18,161,79,16.0,88,99
439,2022-06-17 12:20:27,2022-06-17 16:54:22,176,10.7,126,92,46,22,3,0,0,13404,0,65,False,False,True,False,False,56,51,94,18,161,79,16.0,88,71
441,2022-06-16 20:27:34,2022-06-16 21:15:40,48,9.7,175,116,10,48,32,6,4,0,0,0,False,True,False,False,False,58,44,94,15,177,70,16.0,92,100
443,2022-06-11 20:42:48,2022-06-11 23:02:47,139,15.4,172,117,22,19,37,19,2,890,1,10,True,False,False,False,False,0,0,0,16,172,78,,32,99
444,2022-06-10 20:51:25,2022-06-10 23:50:57,179,15.9,161,117,19,35,28,18,0,757,1,10,True,False,False,False,False,57,44,97,19,161,92,16.5,92,100
445,2022-06-10 12:04:53,2022-06-10 16:22:13,176,14.0,142,105,45,37,16,0,0,13128,-45,65,False,False,True,False,False,57,44,97,19,161,92,16.5,92,98
446,2022-06-08 10:56:38,2022-06-08 12:57:26,120,10.5,150,101,42,22,9,10,0,6915,5,73,False,False,True,False,False,56,43,94,12,150,74,15.9,91,83
447,2022-06-04 20:30:29,2022-06-04 23:11:01,160,15.0,156,116,20,24,45,11,0,776,1,10,True,False,False,False,False,68,43,94,16,156,76,15.9,90,100
449,2022-06-03 20:51:21,2022-06-03 22:46:04,114,16.3,165,129,1,17,47,31,4,658,0,9,True,False,False,False,False,59,33,95,19,165,81,17.2,91,100
451,2022-06-03 12:46:50,2022-06-03 17:02:55,176,12.4,149,95,56,11,8,4,0,12956,0,65,False,False,True,False,False,59,33,95,19,165,81,17.2,91,79
453,2022-06-01 11:28:05,2022-06-01 13:30:00,121,5.4,112,87,47,15,0,0,0,7132,-32,74,False,False,True,False,False,54,44,96,7,131,68,15.9,90,62
454,2022-05-28 20:27:54,2022-05-28 23:10:16,162,13.4,151,110,29,36,30,4,0,885,-1,10,True,False,False,False,False,68,43,95,15,151,80,15.9,91,99
455,2022-05-27 20:55:10,2022-05-27 23:37:35,162,14.0,155,110,31,23,24,15,0,871,0,10,True,False,False,False,False,54,40,95,18,176,81,15.9,89,93
456,2022-05-27 12:09:35,2022-05-27 16:21:38,176,8.9,127,91,35,27,1,0,0,13125,0,65,False,False,True,False,False,54,40,95,18,176,81,15.9,89,63
457,2022-05-25 11:06:39,2022-05-25 13:00:00,113,8.0,138,100,36,47,5,0,0,7236,-7,85,False,False,True,False,False,58,34,93,12,148,71,17.3,93,88
458,2022-05-21 20:38:41,2022-05-21 23:30:00,171,7.6,129,92,47,25,3,0,0,1409,-8,8,True,False,False,False,False,0,0,0,14,154,78,,32,75
459,2022-05-21 10:54:36,2022-05-21 11:26:13,31,5.7,138,104,30,44,20,0,0,126,-3,2,False,False,False,False,True,0,0,0,14,154,78,,32,94
460,2022-05-20 20:52:18,2022-05-20 23:48:16,175,15.1,167,109,24,35,13,17,2,806,0,10,True,False,False,False,False,57,29,95,16,167,77,15.9,93,91
462,2022-05-19 17:57:22,2022-05-19 18:43:00,45,4.6,119,93,75,16,0,0,0,544,-1,16,False,False,False,True,False,55,43,94,8,135,70,16.6,91,91
465,2022-05-18 18:53:26,2022-05-18 19:38:46,45,5.2,121,99,61,37,0,0,0,309,11,9,False,False,False,True,False,58,33,94,9,138,65,17.0,92,98
468,2022-05-17 18:59:41,2022-05-17 20:00:00,60,9.8,171,104,48,16,4,11,7,133,0,2,False,False,False,False,True,56,48,97,11,171,67,16.7,89,86
470,2022-05-17 17:16:12,2022-05-17 18:16:00,59,4.7,115,89,56,10,0,0,0,600,1,16,False,False,False,True,False,56,48,97,11,171,67,16.7,89,66
472,2022-05-13 20:46:37,2022-05-13 23:43:11,176,15.9,166,118,10,41,28,19,1,768,-2,10,True,False,False,False,False,59,31,94,18,166,83,16.6,90,99
473,2022-05-13 14:32:39,2022-05-13 15:11:00,38,8.5,155,119,10,39,32,19,0,187,0,3,False,False,False,False,True,59,31,94,18,166,83,16.6,90,100
474,2022-05-12 12:10:31,2022-05-12 12:52:16,41,10.6,161,114,22,14,9,35,7,151,0,2,False,False,False,False,True,57,38,94,13,161,70,16.3,90,87
475,2022-05-11 15:58:17,2022-05-11 18:44:59,166,9.7,145,97,37,21,16,1,0,485,-2,6,False,False,False,False,True,65,20,95,11,145,67,17.6,95,75
478,2022-05-08 13:32:07,2022-05-08 14:40:00,67,4.6,123,87,20,7,0,0,0,524,-24,16,False,False,False,True,False,65,39,95,5,123,67,16.8,90,27
480,2022-05-07 20:45:44,2022-05-07 23:28:43,162,12.8,155,119,27,42,25,0,0,756,0,10,True,False,False,False,False,0,0,0,14,162,82,,32,94
481,2022-05-07 13:29:40,2022-05-07 15:00:18,90,4.2,112,81,10,0,0,0,0,432,-1,15,False,False,False,True,False,0,0,0,14,162,82,,32,10
482,2022-05-07 10:10:43,2022-05-07 11:07:00,56,5.0,141,92,22,21,0,0,0,160,0,2,False,False,False,False,True,0,0,0,14,162,82,,32,43
483,2022-05-06 21:00:43,2022-05-06 23:54:00,173,9.4,147,106,60,26,2,0,0,1602,2,8,True,False,False,False,False,62,28,91,11,149,75,17.6,91,88
486,2022-05-05 16:50:32,2022-05-05 17:15:40,25,4.3,141,101,53,18,0,0,0,99,-2,1,False,False,False,False,True,55,42,95,8,165,73,17.0,91,71
487,2022-05-05 12:12:09,2022-05-05 12:48:32,36,6.9,165,116,15,21,26,8,0,125,-1,2,False,False,False,False,True,55,42,95,8,165,73,17.0,91,70
488,2022-05-03 15:55:37,2022-05-03 18:01:00,125,10.3,165,106,23,6,19,6,0,427,0,6,False,False,False,False,True,57,44,94,11,165,71,16.9,91,54
489,2022-05-01 09:32:29,2022-05-01 10:23:02,50,5.3,158,96,25,16,9,0,0,176,-11,3,False,False,False,False,True,0,0,0,5,158,70,,32,50
490,2022-04-29 21:03:04,2022-04-29 23:46:21,163,9.2,152,107,47,26,8,0,0,735,0,10,True,False,False,False,False,60,35,95,11,152,73,16.5,93,81
492,2022-04-26 15:44:46,2022-04-26 17:41:24,116,10.0,164,106,21,17,19,2,0,378,-16,6,False,False,False,False,True,57,42,94,10,164,71,16.7,90,59
493,2022-04-25 12:34:03,2022-04-25 13:07:07,33,7.2,166,116,18,12,37,7,0,162,-34,2,False,False,False,False,True,55,48,94,8,166,66,17.1,90,74
494,2022-04-23 20:27:53,2022-04-23 23:17:53,170,8.7,151,105,42,29,4,0,0,906,-8,10,True,False,False,False,False,67,28,96,9,151,75,16.4,91,75
496,2022-04-22 20:52:37,2022-04-22 23:50:49,178,14.1,167,120,26,28,35,2,0,818,1,10,True,False,False,False,False,59,32,95,15,167,79,16.8,92,91
497,2022-04-21 16:00:31,2022-04-21 17:00:34,60,6.1,147,102,33,22,9,0,0,191,-21,3,False,False,False,False,True,66,23,92,6,147,70,16.2,93,64
499,2022-04-19 15:10:30,2022-04-19 17:01:22,110,9.5,174,105,21,16,17,2,0,416,0,6,False,False,False,False,True,58,38,92,10,174,70,17.6,91,56
500,2022-04-18 08:16:37,2022-04-18 09:15:15,58,5.6,152,94,18,23,7,0,0,140,2,3,False,False,False,False,True,56,32,94,7,153,67,16.9,93,48
501,2022-04-17 10:40:48,2022-04-17 11:17:36,36,5.2,152,98,22,28,7,0,0,125,1,2,False,False,False,False,True,58,40,93,6,152,69,16.0,89,57
502,2022-04-16 20:27:32,2022-04-16 22:45:37,138,12.5,157,118,20,32,35,0,0,899,-1,10,True,False,False,False,False,65,24,92,13,165,78,16.1,91,87
503,2022-04-16 11:20:00,2022-04-16 12:30:00,70,6.2,165,101,40,14,9,0,0,0,0,0,False,False,False,False,True,65,24,92,13,165,78,16.1,91,63
504,2022-04-15 20:52:55,2022-04-15 23:53:16,180,13.7,172,117,31,22,24,6,0,758,2,9,True,False,False,False,False,57,35,95,16,172,78,17.7,92,83
506,2022-04-15 14:19:05,2022-04-15 14:45:03,25,5.5,152,111,19,27,24,0,0,135,-23,1,False,False,False,False,True,57,35,95,16,172,78,17.7,92,70
508,2022-04-13 19:42:53,2022-04-13 20:35:24,52,5.6,156,97,23,21,5,0,0,134,-23,1,False,False,False,False,True,60,28,92,6,156,66,17.0,93,49
511,2022-04-12 16:24:45,2022-04-12 18:21:38,116,12.3,170,125,15,49,28,5,0,481,3,6,False,False,False,False,True,59,25,93,12,170,76,16.3,93,97
512,2022-04-12 09:03:56,2022-04-12 09:41:23,37,0.2,112,86,26,0,0,0,0,132,0,2,False,False,False,False,True,59,25,93,12,170,76,16.3,93,26
513,2022-04-11 17:33:41,2022-04-11 18:10:43,37,6.2,159,110,11,33,24,1,0,199,0,2,False,False,False,False,True,54,45,95,7,159,65,16.7,93,69
515,2022-04-10 09:31:43,2022-04-10 10:28:30,56,4.5,137,84,16,13,0,0,0,118,2,2,False,False,False,False,True,64,35,94,5,137,68,16.5,92,29
516,2022-04-08 20:57:19,2022-04-09 00:05:48,188,9.9,151,107,56,27,5,0,0,738,6,10,True,False,False,False,False,58,34,92,12,151,79,17.1,93,88
517,2022-04-07 12:34:03,2022-04-07 13:06:04,32,6.7,160,116,21,22,31,6,0,119,0,2,False,False,False,False,True,0,0,0,9,160,73,,32,80
519,2022-04-05 15:48:50,2022-04-05 16:48:11,59,10.8,181,124,8,17,39,13,0,298,0,4,False,False,False,False,True,56,40,95,11,181,69,17.4,92,77
520,2022-04-04 12:05:52,2022-04-04 12:59:46,53,4.8,142,90,24,16,1,0,0,166,0,2,False,False,False,False,True,57,46,94,5,142,66,17.4,93,41
521,2022-04-02 21:03:03,2022-04-02 23:32:00,148,13.2,159,123,21,34,39,0,0,1115,11,18,True,False,False,False,False,81,84,95,14,159,83,18.3,92,94
523,2022-04-02 11:45:48,2022-04-02 12:27:57,42,5.1,146,99,19,10,13,0,0,157,-7,2,False,False,False,False,True,81,84,95,14,159,83,18.3,92,42
525,2022-04-01 20:56:56,2022-04-01 23:50:06,173,14.1,160,127,10,54,33,2,0,805,3,10,True,False,False,False,False,57,31,95,15,160,81,16.6,91,99
526,2022-04-01 11:32:47,2022-04-01 12:16:15,43,4.1,122,89,42,2,0,0,0,150,0,2,False,False,False,False,True,57,31,95,15,160,81,16.6,91,44
527,2022-03-31 19:23:13,2022-03-31 19:53:44,30,5.9,152,113,20,24,31,0,0,132,5,1,False,False,False,False,True,59,37,95,13,165,76,16.9,93,75
528,2022-03-31 14:26:12,2022-03-31 16:53:03,146,12.1,165,114,35,18,26,2,0,492,-19,8,False,False,False,False,True,59,37,95,13,165,76,16.9,93,81
529,2022-03-26 20:36:12,2022-03-26 23:15:33,159,14.2,166,124,19,39,34,3,0,741,0,10,True,False,False,False,False,61,36,96,14,166,75,16.2,91,95
530,2022-03-25 20:53:48,2022-03-25 23:46:11,172,14.0,158,121,24,27,42,0,0,845,-1,10,True,False,False,False,False,59,37,93,15,158,79,15.2,91,93
532,2022-03-25 11:06:39,2022-03-25 13:00:00,113,4.4,123,90,38,2,0,0,0,6970,0,73,False,False,True,False,False,59,37,93,15,158,79,15.2,91,40
534,2022-03-23 11:03:08,2022-03-23 13:14:58,131,5.3,122,92,51,1,0,0,0,6959,-45,73,False,False,True,False,False,57,39,93,5,124,68,16.8,93,52
535,2022-03-21 11:15:00,2022-03-21 13:15:00,120,6.2,143,96,45,11,2,0,0,0,0,0,False,False,True,False,False,57,43,94,8,155,69,16.9,93,58
537,2022-03-19 20:37:51,2022-03-19 22:45:55,128,13.5,157,127,20,28,51,0,0,776,-2,10,True,False,False,False,False,62,29,94,14,157,77,16.2,91,99
538,2022-03-18 20:56:44,2022-03-18 23:47:00,170,14.1,166,121,21,30,39,1,0,1538,2,8,True,False,False,False,False,57,35,95,15,166,78,16.9,93,91
541,2022-03-18 11:49:54,2022-03-18 13:53:57,124,4.5,117,89,38,0,0,0,0,7385,-31,75,False,False,True,False,False,57,35,95,15,166,78,16.9,93,38
544,2022-03-17 11:08:02,2022-03-17 13:08:10,120,9.3,168,103,27,21,11,1,0,7410,-21,73,False,False,True,False,False,58,36,0,10,168,69,16.7,32,60
547,2022-03-14 11:01:10,2022-03-14 13:00:00,118,5.5,136,93,30,11,0,0,0,7021,-39,74,False,False,True,False,False,57,28,0,5,136,65,16.8,32,41
548,2022-03-10 11:29:18,2022-03-10 13:34:57,125,8.5,142,100,18,26,7,0,0,6987,-46,73,False,False,True,False,False,57,34,94,9,142,69,17.0,93,51
550,2022-03-08 11:04:37,2022-03-08 13:24:58,140,10.4,153,101,22,14,20,0,0,7163,-35,73,False,False,True,False,False,58,34,95,11,153,68,17.1,92,56
551,2022-03-05 20:35:10,2022-03-05 22:56:00,140,13.5,160,125,19,33,42,1,0,722,2,10,True,False,False,False,False,70,40,92,15,204,76,16.5,93,95
553,2022-03-04 21:00:19,2022-03-04 23:50:00,169,16.3,190,125,16,21,29,16,2,0,0,0,True,False,False,False,False,57,42,93,17,190,76,16.3,93,84
555,2022-02-26 20:35:29,2022-02-26 23:24:44,169,15.0,189,127,26,22,40,7,1,783,-2,10,True,False,False,False,False,62,43,95,15,189,76,15.9,91,96
556,2022-02-24 11:00:33,2022-02-24 13:28:58,148,8.9,144,101,38,18,9,0,0,6998,-29,73,False,False,True,False,False,55,40,94,9,144,67,16.8,89,65
557,2022-02-21 10:55:30,2022-02-21 13:12:54,137,10.0,153,105,20,20,19,0,0,7009,1,73,False,False,True,False,False,56,32,95,10,179,66,16.6,88,59
559,2022-02-19 20:38:21,2022-02-19 22:47:32,129,12.6,164,124,19,36,41,0,0,705,2,9,True,False,False,False,False,65,35,95,15,164,78,15.2,92,96
562,2022-02-18 20:55:00,2022-02-19 00:05:49,190,16.1,190,123,24,33,25,7,3,633,-61,7,True,False,False,False,False,56,42,93,16,190,76,16.6,89,92
563,2022-02-17 10:58:16,2022-02-17 12:51:30,113,9.1,144,115,23,65,1,0,0,6987,0,73,False,False,True,False,False,57,43,93,10,158,69,16.6,90,89
564,2022-02-14 11:02:50,2022-02-14 12:59:54,117,5.7,137,94,19,15,0,0,0,6853,-45,73,False,False,True,False,False,60,36,93,6,137,66,16.9,92,34
566,2022-02-12 20:42:03,2022-02-12 23:15:36,153,13.5,158,123,21,52,26,0,0,704,3,10,True,False,False,False,False,64,28,90,14,158,77,15.8,90,99
567,2022-02-11 20:48:39,2022-02-11 23:44:55,176,13.9,183,119,44,27,21,4,1,746,2,9,True,False,False,False,False,58,34,94,14,183,77,16.6,90,97
568,2022-02-10 11:20:39,2022-02-10 13:18:59,118,4.7,113,89,39,0,0,0,0,6859,3,73,False,False,True,False,False,57,37,93,6,148,69,16.3,92,39
569,2022-02-08 11:19:59,2022-02-08 13:17:56,117,5.5,129,91,32,9,0,0,0,6892,0,73,False,False,True,False,False,56,49,94,5,129,65,17.0,90,41
571,2022-02-05 20:44:32,2022-02-05 23:03:45,139,13.9,159,128,16,38,45,0,0,782,1,10,True,False,False,False,False,64,31,93,16,206,77,15.8,90,99
573,2022-02-04 21:00:01,2022-02-04 23:42:52,162,14.3,164,125,17,46,32,3,0,790,0,10,True,False,False,False,False,57,31,94,15,164,77,16.9,91,98
574,2022-02-03 11:05:40,2022-02-03 13:02:19,116,4.6,130,92,22,6,0,0,0,6964,0,73,False,False,True,False,False,54,52,93,6,145,67,16.5,90,28
575,2022-01-29 20:29:35,2022-01-29 22:50:00,140,14.2,161,128,14,38,47,1,0,1403,4,8,True,False,False,False,False,61,37,94,15,193,78,16.5,89,100
576,2022-01-28 20:51:04,2022-01-29 00:01:00,189,13.8,159,117,38,31,24,0,0,1369,5,8,True,False,False,False,False,56,41,93,15,159,79,16.3,90,93
577,2022-01-27 11:10:43,2022-01-27 13:15:00,124,7.6,134,99,33,29,0,0,0,7000,1,74,False,False,True,False,False,57,39,94,10,172,69,15.9,92,62
578,2022-01-22 20:34:32,2022-01-22 22:55:00,140,13.8,162,127,20,42,37,1,0,775,0,10,True,False,False,False,False,70,27,93,15,167,81,16.1,90,100
580,2022-01-22 15:15:01,2022-01-22 15:53:51,38,8.8,163,131,3,56,34,7,0,0,0,0,False,True,False,False,False,70,27,93,15,167,81,16.1,90,100
582,2022-01-21 20:56:43,2022-01-21 23:27:36,150,13.4,152,123,26,42,31,0,0,761,0,10,True,False,False,False,False,55,35,93,14,152,75,17.0,93,99
583,2022-01-15 20:40:00,2022-01-15 22:20:00,164,11.5,152,123,23,48,27,0,0,0,0,0,True,False,False,False,False,61,37,91,13,152,77,15.6,90,98
584,2022-01-14 20:52:08,2022-01-14 23:30:00,157,13.2,154,118,31,34,27,0,0,0,0,0,True,False,False,False,False,56,35,95,15,182,76,16.1,91,92
585,2022-01-12 11:19:10,2022-01-12 13:39:26,140,11.9,154,107,23,16,26,0,0,8342,-11,74,False,False,True,False,False,58,36,94,12,154,67,16.1,90,65
586,2022-01-08 20:51:33,2022-01-08 23:35:09,163,10.9,165,109,14,43,10,0,0,727,-1,10,True,False,False,False,False,60,45,0,11,165,71,16.5,91,67
587,2022-01-07 20:49:25,2022-01-07 23:51:06,181,12.2,163,112,43,26,17,0,0,667,1,10,True,False,False,False,False,53,42,92,12,163,72,15.6,93,86
589,2022-01-01 20:33:04,2022-01-01 23:00:55,147,12.1,158,117,20,45,21,0,0,695,2,10,True,False,False,False,False,62,29,94,12,166,73,16.5,92,86
591,2021-12-31 21:00:34,2021-12-31 23:30:00,149,12.9,0,0,0,0,0,0,0,0,0,0,True,False,False,False,False,58,37,0,13,183,72,15.8,32,0
592,2021-12-30 12:10:15,2021-12-30 15:00:54,170,8.7,136,99,27,32,0,0,0,6920,0,74,False,False,True,False,False,0,0,0,9,136,70,,32,59
593,2021-12-29 20:32:55,2021-12-29 22:56:39,143,11.1,167,112,27,35,14,2,0,740,4,10,True,False,False,False,False,56,43,0,12,183,72,16.2,32,78
595,2021-12-25 20:59:41,2021-12-25 23:33:53,154,11.0,171,113,24,36,16,3,0,822,0,10,True,False,False,False,False,62,33,0,11,171,73,15.2,32,79
597,2021-12-24 20:53:19,2021-12-24 23:25:00,151,12.9,179,117,30,39,19,4,0,0,0,0,True,False,False,False,False,61,31,0,14,179,76,16.5,32,92
598,2021-12-21 11:25:00,2021-12-21 13:46:33,141,7.4,144,99,37,17,3,0,0,7165,0,74,False,False,True,False,False,56,40,0,8,157,69,17.1,32,57
599,2021-12-18 21:11:23,2021-12-18 23:30:00,138,10.3,153,111,20,42,13,0,0,1374,-2,8,True,False,False,False,False,67,30,0,14,153,77,16.1,32,75
601,2021-12-17 20:55:00,2021-12-17 23:30:00,155,9.7,147,107,36,40,2,0,0,0,0,0,True,False,False,False,False,57,34,0,14,169,77,16.3,32,78
602,2021-12-16 11:03:59,2021-12-16 13:26:13,142,9.1,135,102,26,43,0,0,0,6924,0,74,False,False,True,False,False,57,39,0,12,154,73,16.8,32,69
604,2021-12-11 20:30:20,2021-12-11 23:05:27,155,9.3,177,109,44,29,8,2,0,834,-3,10,True,False,False,False,False,60,32,0,13,177,74,15.9,32,83
606,2021-12-10 20:57:02,2021-12-10 23:56:34,179,10.7,149,110,42,31,11,0,0,769,0,10,True,False,False,False,False,59,29,0,13,149,78,16.6,32,84
608,2021-12-04 20:46:19,2021-12-04 23:15:03,148,12.9,169,121,23,27,35,3,0,759,0,10,True,False,False,False,False,67,35,0,13,169,79,15.7,32,88
609,2021-12-03 20:58:28,2021-12-03 23:30:00,151,15.3,187,127,16,41,21,12,4,1245,4,8,True,False,False,False,False,57,33,0,17,187,81,16.9,32,94
610,2021-11-27 20:34:28,2021-11-27 23:03:26,148,10.0,148,109,44,38,4,0,0,861,0,10,True,False,False,False,False,0,0,0,14,171,76,,32,86
611,2021-11-26 21:16:50,2021-11-26 23:24:43,127,11.5,170,117,30,55,12,1,0,687,-59,8,True,False,False,False,False,63,29,0,16,183,79,16.8,32,98
612,2021-11-24 20:24:31,2021-11-24 22:29:15,124,13.5,183,126,13,54,26,4,1,808,-1,10,True,False,False,False,False,62,31,0,14,183,77,15.8,32,98
613,2021-11-20 20:36:06,2021-11-20 23:08:00,151,11.9,160,117,36,58,6,0,0,858,-3,10,True,False,False,False,False,62,32,0,13,160,79,16.2,32,100
614,2021-11-19 20:41:05,2021-11-19 23:07:23,146,12.6,156,119,23,54,17,0,0,859,-1,10,True,False,False,False,False,55,42,0,18,183,81,16.2,32,94
616,2021-11-19 11:07:26,2021-11-19 13:45:59,158,11.1,148,106,15,40,9,0,0,7162,-1,74,False,False,True,False,False,55,42,0,18,183,81,16.2,32,64
618,2021-11-17 10:58:10,2021-11-17 13:15:05,136,5.9,126,92,41,7,0,0,0,7061,0,73,False,False,True,False,False,57,33,0,7,151,66,16.7,32,48
620,2021-11-12 20:59:17,2021-11-13 08:57:14,164,14.9,179,79,10,9,6,1,0,56,7,19,True,False,False,False,False,57,38,0,16,179,75,16.5,32,26
621,2021-11-12 11:11:32,2021-11-12 13:26:10,134,8.5,138,101,15,39,0,0,0,1454,29,24,False,False,True,False,False,57,38,0,16,179,75,16.5,32,54
622,2021-11-11 11:06:05,2021-11-11 13:14:56,128,8.1,150,101,29,23,7,0,0,1,0,0,False,False,True,False,False,58,34,0,13,170,72,17.1,32,59
624,2021-11-06 20:32:35,2021-11-06 23:17:03,164,12.0,160,115,38,48,10,0,0,67,0,2,True,False,False,False,False,66,36,0,13,160,76,15.9,32,96
626,2021-11-05 20:55:19,2021-11-05 23:26:10,150,10.5,150,110,27,46,6,0,0,68,2,2,True,False,False,False,False,54,45,0,15,193,80,16.5,32,79
627,2021-11-02 11:12:56,2021-11-02 13:00:00,107,4.2,117,89,26,0,0,0,0,0,0,0,False,False,True,False,False,0,0,0,6,143,68,,32,26
628,2021-10-30 21:15:49,2021-10-30 23:27:11,131,11.4,161,116,39,44,15,0,0,50,0,2,True,False,False,False,False,65,27,0,12,161,77,15.5,32,98
629,2021-10-29 20:52:06,2021-10-29 23:45:00,172,14.0,168,120,27,50,16,4,0,0,0,0,True,False,False,False,False,59,38,0,17,174,82,16.4,32,97
630,2021-10-29 10:54:24,2021-10-29 18:44:46,176,10.4,146,84,10,10,2,0,0,34,0,0,False,False,True,False,False,59,38,0,17,174,82,16.4,32,22
631,2021-10-27 10:54:56,2021-10-27 13:00:00,125,11.8,151,115,26,48,15,0,0,1454,41,24,False,False,True,False,False,63,41,0,12,155,72,17.0,32,89
634,2021-10-23 20:34:27,2021-10-23 23:20:08,165,11.1,158,109,50,28,10,0,0,38,1,2,True,False,False,False,False,64,33,0,11,158,73,16.0,32,88
636,2021-10-22 20:57:12,2021-10-22 23:30:00,152,13.2,185,116,34,42,7,4,2,0,0,0,True,False,False,False,False,54,35,0,16,185,82,16.5,32,89
637,2021-10-22 11:38:22,2021-10-22 14:00:00,141,11.1,153,107,18,31,16,0,0,1,0,0,False,False,True,False,False,54,35,0,16,185,82,16.5,32,65
638,2021-10-18 11:03:44,2021-10-18 13:15:00,131,10.6,145,112,44,40,6,0,0,0,43,0,False,False,True,False,False,53,50,0,14,167,70,17.1,32,90
639,2021-10-16 20:35:02,2021-10-16 23:12:00,156,12.8,170,116,32,48,12,1,0,267,62,8,True,False,False,False,False,64,33,0,13,170,76,16.0,32,93
640,2021-10-15 20:54:00,2021-10-15 23:30:00,156,13.5,161,120,30,40,26,0,0,0,0,0,True,False,False,False,False,58,30,0,17,171,83,17.0,32,96
643,2021-10-15 11:42:10,2021-10-15 14:26:00,163,7.3,126,95,47,7,0,0,0,0,12,0,False,False,True,False,False,58,30,0,17,171,83,17.0,32,54
646,2021-10-14 12:11:16,2021-10-14 12:57:29,176,9.2,147,130,4,58,38,0,0,0,0,0,False,False,True,False,False,55,35,0,14,188,73,16.9,32,100
647,2021-10-13 10:59:21,2021-10-13 12:58:26,119,8.4,139,102,47,25,0,0,0,0,-5,0,False,False,True,False,False,55,44,0,9,141,69,17.0,32,72
648,2021-10-09 20:34:53,2021-10-09 23:01:21,146,9.1,163,110,46,39,6,0,0,0,-1,0,True,False,False,False,False,67,40,0,12,174,77,15.6,32,91
650,2021-10-08 20:55:00,2021-10-08 23:30:00,155,13.0,166,118,28,48,15,4,0,0,0,0,True,False,False,False,False,55,44,0,16,166,80,16.5,32,95
651,2021-10-08 10:57:00,2021-10-08 13:01:45,124,11.4,162,112,16,46,11,2,0,3,0,0,False,False,True,False,False,55,44,0,16,166,80,16.5,32,75
652,2021-10-05 11:04:22,2021-10-05 13:21:25,137,8.5,143,100,40,19,5,0,0,2,1,0,False,False,True,False,False,53,45,0,13,162,70,17.2,32,64
654,2021-10-02 20:24:32,2021-10-02 23:19:36,175,13.3,166,120,25,56,16,1,0,62,2,2,True,False,False,False,False,63,30,0,16,187,82,16.3,32,98
655,2021-10-01 20:59:47,2021-10-01 23:47:35,167,13.4,169,121,18,59,20,1,0,57,0,2,True,False,False,False,False,57,40,0,18,187,80,16.9,32,98
657,2021-09-29 11:33:29,2021-09-29 12:16:35,176,8.5,161,125,12,33,42,1,0,0,0,0,False,False,True,False,False,56,48,0,13,166,72,17.3,32,88
660,2021-09-28 11:01:25,2021-09-28 12:59:14,117,4.7,118,87,30,1,0,0,0,4006,5,43,False,False,True,False,False,54,42,0,7,137,69,17.4,32,31
661,2021-09-25 20:46:06,2021-09-25 23:15:26,149,10.6,159,113,35,44,10,0,0,1358,0,10,True,False,False,False,False,61,36,0,12,171,76,15.9,32,89
662,2021-09-24 20:55:00,2021-09-24 23:55:00,180,11.9,184,107,48,23,7,0,1,0,0,0,True,False,False,False,False,54,52,0,16,184,80,17.0,32,79
663,2021-09-24 11:36:49,2021-09-24 13:51:42,134,7.2,138,94,25,17,1,0,0,7392,0,73,False,False,True,False,False,54,52,0,16,184,80,17.0,32,43
664,2021-09-21 11:09:14,2021-09-21 13:09:20,120,5.2,119,92,42,0,0,0,0,7334,3,73,False,False,True,False,False,57,42,0,11,166,71,17.3,32,42
665,2021-09-18 21:04:36,2021-09-18 23:14:00,129,12.4,158,123,16,63,20,0,0,1349,-3,10,True,False,False,False,False,65,37,0,13,158,75,15.6,32,99
667,2021-09-17 20:55:00,2021-09-17 23:55:00,180,10.1,146,104,56,23,2,0,0,0,0,0,True,False,False,False,False,53,43,0,15,160,76,16.6,32,81
668,2021-09-17 11:14:02,2021-09-17 13:11:19,117,7.3,134,98,21,27,0,0,0,7336,3,73,False,False,True,False,False,53,43,0,15,160,76,16.6,32,48
669,2021-09-15 10:57:49,2021-09-15 12:56:05,118,5.2,116,91,42,0,0,0,0,7254,0,74,False,False,True,False,False,56,36,0,6,139,67,15.4,32,42
670,2021-09-11 20:37:02,2021-09-11 23:10:03,153,11.7,166,113,40,46,7,1,0,1440,2,10,True,False,False,False,False,59,35,0,15,186,75,15.1,32,94
671,2021-09-10 20:50:00,2021-09-10 23:30:00,160,9.8,140,106,62,29,0,0,0,0,0,0,True,False,False,False,False,56,36,0,17,187,79,16.8,32,91
672,2021-09-10 11:04:51,2021-09-10 13:07:22,122,6.0,125,94,42,5,0,0,0,7350,0,74,False,False,True,False,False,56,36,0,17,187,79,16.8,32,47
673,2021-09-08 11:21:57,2021-09-08 13:03:08,101,6.6,119,99,75,2,0,0,0,5418,-871,63,False,False,True,False,False,53,49,0,14,191,71,16.3,32,77
674,2021-09-04 20:40:28,2021-09-04 22:59:01,138,11.0,167,114,38,43,11,0,0,1420,1,10,True,False,False,False,False,65,29,0,11,167,71,15.8,32,92
677,2021-09-03 20:55:00,2021-09-04 00:00:00,185,11.3,164,111,50,40,4,1,0,0,0,0,True,False,False,False,False,53,44,0,14,172,81,16.3,32,95
678,2021-09-03 12:20:39,2021-09-03 15:43:43,203,6.5,126,93,35,8,0,0,0,11207,-11,125,False,False,True,False,False,53,44,0,14,172,81,16.3,32,43
679,2021-09-01 11:15:55,2021-09-01 12:46:44,90,9.4,145,106,9,26,20,0,0,5538,12,54,False,False,True,False,False,55,47,0,16,185,69,17.0,32,55
682,2021-08-28 20:35:49,2021-08-28 22:12:06,164,4.5,135,85,21,2,0,0,0,125,0,0,True,False,False,False,False,60,34,0,14,187,71,15.2,32,23
683,2021-08-27 20:55:00,2021-08-27 23:30:00,155,10.4,158,112,52,27,12,0,0,0,0,0,True,False,False,False,False,52,53,0,17,190,79,17.2,32,91
684,2021-08-27 12:18:12,2021-08-27 14:13:33,115,6.0,134,92,43,9,0,0,0,4408,-7,11,False,False,True,False,False,52,53,0,17,190,79,17.2,32,52
685,2021-08-26 11:39:17,2021-08-26 15:09:12,209,5.3,119,89,30,0,0,0,0,8969,5,6,False,False,True,False,False,64,27,0,20,194,78,16.3,32,30
687,2021-08-25 20:12:27,2021-08-25 21:54:24,101,17.9,189,138,4,12,32,27,22,0,0,0,False,True,False,False,False,53,54,0,18,189,84,16.0,32,97
688,2021-08-25 15:24:44,2021-08-25 17:28:29,123,12.7,180,118,27,31,21,2,2,4761,-10,12,False,False,True,False,False,53,54,0,18,189,84,16.0,32,83
689,2021-08-24 14:02:35,2021-08-24 15:42:27,99,5.2,135,92,32,8,0,0,0,4301,2,18,False,False,True,False,False,53,50,0,17,200,72,16.7,32,40
690,2021-08-21 20:29:56,2021-08-21 23:15:00,165,10.1,157,105,55,21,7,0,0,518,0,2,True,False,False,False,False,65,30,0,14,161,78,16.2,32,83
691,2021-08-20 20:55:00,2021-08-20 23:30:00,155,10.5,148,108,50,36,3,0,0,0,0,0,True,False,False,False,False,57,38,0,15,181,80,17.0,32,89
692,2021-08-20 13:37:02,2021-08-20 15:09:54,92,6.5,122,99,65,7,0,0,0,4386,-6,12,False,False,True,False,False,57,38,0,15,181,80,17.0,32,72
693,2021-08-18 11:18:33,2021-08-18 12:41:36,83,5.4,118,93,56,2,0,0,0,4258,16,9,False,False,True,False,False,55,38,0,6,125,67,17.5,32,58
694,2021-08-14 20:32:49,2021-08-14 23:11:24,158,11.8,155,113,40,47,8,0,0,543,0,2,True,False,False,False,False,60,34,0,13,155,75,16.0,32,95
696,2021-08-13 21:41:57,2021-08-14 00:40:35,178,12.0,154,109,40,31,9,0,0,866,5,0,True,False,False,False,False,56,37,0,15,159,77,17.3,32,80
697,2021-08-13 12:21:33,2021-08-13 15:57:21,215,4.6,116,82,12,0,0,0,0,9077,-8,10,False,False,True,False,False,56,37,0,15,159,77,17.3,32,12
698,2021-08-11 11:13:58,2021-08-11 12:43:37,89,5.8,115,95,59,0,0,0,0,4303,11,16,False,False,True,False,False,52,55,0,12,149,71,17.1,32,59
700,2021-08-07 20:37:55,2021-08-07 23:41:51,183,9.8,154,107,47,31,6,0,0,542,0,0,True,False,False,False,False,61,38,0,12,166,73,16.4,32,84
702,2021-08-06 20:56:52,2021-08-07 00:00:00,183,12.7,160,110,44,19,20,0,0,533,1,2,True,False,False,False,False,53,46,0,15,167,79,17.1,32,83
704,2021-08-06 12:03:54,2021-08-06 15:55:41,176,7.0,124,91,34,4,0,0,0,9155,3,12,False,False,True,False,False,53,46,0,15,167,79,17.1,32,38
706,2021-08-02 11:12:18,2021-08-02 12:35:08,82,4.4,113,87,33,0,0,0,0,4293,2,8,False,False,True,False,False,51,38,0,6,152,64,17.5,32,33
707,2021-07-31 20:34:13,2021-07-31 22:55:00,140,10.3,166,108,29,34,11,1,0,543,-1,3,True,False,False,False,False,62,27,0,13,193,71,16.8,32,75
708,2021-07-30 21:00:00,2021-07-31 00:00:00,180,9.8,142,105,50,31,3,0,0,0,0,0,True,False,False,False,False,54,35,0,14,175,80,15.4,32,84
710,2021-07-30 13:13:21,2021-07-30 16:22:34,189,7.4,129,98,52,10,0,0,0,9117,11,12,False,False,True,False,False,54,35,0,14,175,80,15.4,32,62
712,2021-07-27 11:13:05,2021-07-27 12:40:42,87,4.2,116,91,39,0,0,0,0,4392,-1,12,False,False,True,False,False,52,43,0,8,173,67,17.2,32,39
713,2021-07-25 20:49:13,2021-07-25 21:29:36,40,9.8,158,134,0,44,49,7,0,0,0,0,False,True,False,False,False,60,32,0,15,174,72,16.7,32,100
715,2021-07-24 22:19:06,2021-07-24 23:00:56,164,7.2,153,115,24,45,16,0,0,126,-72,0,True,False,False,False,False,60,38,0,15,171,77,16.2,32,85
717,2021-07-24 20:32:29,2021-07-24 22:18:00,105,12.6,171,123,26,43,27,4,0,0,0,0,True,False,False,False,False,60,38,0,15,171,77,16.2,32,100
719,2021-07-23 20:52:28,2021-07-23 23:51:50,179,10.4,150,104,48,28,2,0,0,576,0,0,True,False,False,False,False,53,42,0,16,172,79,16.9,32,78
721,2021-07-23 11:36:41,2021-07-23 14:36:03,179,7.9,135,97,51,9,0,0,0,7523,582,0,False,False,True,False,False,53,42,0,16,172,79,16.9,32,60
723,2021-07-17 20:37:07,2021-07-17 22:46:41,129,9.7,160,114,37,51,8,0,0,535,0,2,True,False,False,False,False,72,31,0,14,186,79,17.3,32,96
725,2021-07-16 20:53:21,2021-07-17 00:05:00,191,13.9,174,116,42,36,16,2,0,534,27,2,True,False,False,False,False,53,41,0,16,174,82,16.5,32,96
727,2021-07-16 12:01:16,2021-07-16 14:51:19,170,7.8,129,97,60,4,0,0,0,6861,586,18,False,False,True,False,False,53,41,0,16,174,82,16.5,32,64
729,2021-07-10 20:44:51,2021-07-10 23:06:13,141,11.9,160,113,36,40,15,0,0,544,1,2,True,False,False,False,False,69,26,0,15,190,77,17.0,32,91
730,2021-07-10 11:08:57,2021-07-10 11:37:19,28,11.1,190,145,1,25,38,22,14,0,0,0,False,True,False,False,False,69,26,0,15,190,77,17.0,32,100
731,2021-07-09 20:55:12,2021-07-09 23:46:00,170,12.0,149,113,51,42,6,0,0,470,25,3,True,False,False,False,False,53,36,0,17,173,87,16.2,32,99
733,2021-07-09 13:03:16,2021-07-09 16:01:36,178,11.6,132,111,52,47,0,0,0,7718,1450,30,False,False,True,False,False,53,36,0,17,173,87,16.2,32,99
735,2021-07-03 20:35:30,2021-07-03 23:11:23,155,9.3,163,113,49,35,11,1,0,530,0,0,True,False,False,False,False,69,33,0,9,163,75,15.9,32,96
737,2021-07-02 21:04:36,2021-07-03 00:02:00,177,11.0,154,115,41,45,11,0,0,535,2,0,True,False,False,False,False,53,51,0,15,180,78,14.6,32,97
739,2021-06-26 20:40:55,2021-06-26 23:08:25,147,11.5,169,112,48,33,9,2,0,530,2,3,True,False,False,False,False,72,39,0,13,169,80,17.0,32,92
741,2021-06-25 20:56:00,2021-06-25 23:47:00,171,11.1,161,111,41,49,4,0,0,0,0,0,True,False,False,False,False,59,40,0,14,161,82,16.8,32,94
743,2021-06-18 20:52:30,2021-06-18 23:53:27,180,9.4,147,106,57,26,5,0,0,564,2,0,True,False,False,False,False,56,40,0,11,165,76,17.4,32,88
745,2021-06-12 20:23:42,2021-06-12 22:56:00,152,12.4,159,115,35,45,13,0,0,490,0,3,True,False,False,False,False,0,0,0,13,159,78,,32,93
746,2021-06-11 20:56:39,2021-06-12 00:06:01,189,12.1,168,109,56,31,5,0,0,462,0,0,True,False,False,False,False,61,26,0,14,168,75,16.7,32,92
749,2021-06-05 20:35:27,2021-06-05 22:54:00,138,10.8,156,113,35,53,6,0,0,523,0,3,True,False,False,False,False,69,38,0,13,163,80,16.5,32,94
751,2021-06-04 20:55:00,2021-06-05 00:03:00,188,11.0,148,108,59,32,4,0,0,0,0,0,True,False,False,False,False,55,37,0,15,164,82,15.8,32,95
752,2021-05-29 20:31:27,2021-05-29 23:01:13,149,12.7,163,114,28,32,23,0,0,563,-1,1,True,False,False,False,False,67,29,0,13,163,79,16.6,32,83
753,2021-05-28 21:15:59,2021-05-28 23:55:00,159,13.2,159,118,32,46,20,0,0,558,-15,1,True,False,False,False,False,62,23,0,15,159,77,17.7,32,98
755,2021-05-22 20:44:46,2021-05-22 23:00:00,135,11.3,158,114,40,31,20,0,0,538,-2,3,True,False,False,False,False,71,57,0,13,158,80,17.6,32,91
756,2021-05-21 20:58:39,2021-05-21 23:45:00,166,12.6,170,112,45,29,13,3,0,0,0,0,True,False,False,False,False,55,39,0,14,170,79,16.5,32,90
757,2021-05-15 20:41:38,2021-05-15 23:20:00,158,11.4,167,110,38,32,9,2,0,546,1,2,True,False,False,False,False,61,21,0,12,167,75,15.2,32,81
758,2021-05-07 21:00:00,2021-05-07 23:58:00,178,12.9,186,113,55,30,12,0,0,0,0,0,True,False,False,False,False,52,38,0,14,186,73,16.5,32,97
759,2021-05-01 20:34:52,2021-05-01 23:00:00,145,10.0,160,109,26,37,12,0,0,522,1,4,True,False,False,False,False,69,37,0,11,160,78,15.9,32,75
761,2021-04-30 21:00:00,2021-05-01 00:00:00,180,14.5,175,120,30,45,17,6,0,520,-3,1,True,False,False,False,False,58,44,0,16,175,76,16.2,32,98
763,2021-04-24 20:42:13,2021-04-24 23:15:54,153,9.2,156,107,51,27,8,0,0,528,2,1,True,False,False,False,False,69,15,0,12,156,79,16.6,32,86
764,2021-04-23 21:01:06,2021-04-23 23:46:42,165,8.9,145,105,53,30,2,0,0,595,1,2,True,False,False,False,False,52,49,0,13,172,74,16.2,32,85
765,2021-04-17 20:31:57,2021-04-17 23:15:00,163,12.2,164,111,36,31,15,1,0,566,69,6,True,False,False,False,False,66,27,0,13,164,84,16.6,32,83
766,2021-04-15 22:00:30,2021-04-15 22:55:48,55,13.6,193,136,17,5,23,28,15,0,0,0,False,True,False,False,False,63,33,0,14,193,68,16.2,32,88
767,2021-04-10 20:28:04,2021-04-10 23:20:00,171,9.9,159,104,45,29,3,0,0,548,1,2,True,False,False,False,False,68,50,0,12,159,78,16.8,32,77
770,2021-04-09 21:00:00,2021-04-10 00:00:00,180,12.4,163,111,45,33,12,0,0,0,0,0,True,False,False,False,False,52,45,0,16,187,82,16.4,32,90
772,2021-04-03 20:29:06,2021-04-03 23:10:00,160,10.3,159,109,51,30,9,0,0,549,0,2,True,False,False,False,False,66,34,0,12,165,77,16.8,32,90
773,2021-04-02 21:00:00,2021-04-02 23:30:00,150,10.6,156,110,53,26,11,0,0,0,0,0,True,False,False,False,False,54,40,0,13,166,75,17.2,32,90
774,2021-03-27 20:53:36,2021-03-27 23:29:49,156,8.5,155,104,49,26,3,0,0,515,0,0,True,False,False,False,False,67,25,0,15,196,78,15.8,32,78
776,2021-03-26 21:00:00,2021-03-27 00:00:00,180,7.7,158,101,66,9,3,0,0,0,0,0,True,False,False,False,False,0,0,0,16,196,76,,32,78
778,2021-03-25 19:00:00,2021-03-25 21:20:00,140,9.0,153,106,51,36,4,0,0,0,0,0,True,False,False,False,False,61,26,0,12,153,81,17.3,32,91
780,2021-03-25 11:00:00,2021-03-25 15:20:00,176,5.6,136,85,18,6,0,0,0,0,0,0,False,False,True,False,False,61,26,0,12,153,81,17.3,32,24
782,2021-03-24 11:45:00,2021-03-24 14:05:00,140,4.3,115,81,23,0,0,0,0,0,0,0,False,False,True,False,False,0,0,0,5,122,70,,32,23
784,2021-03-23 12:37:00,2021-03-23 17:00:00,176,8.2,124,97,72,3,0,0,0,0,0,0,False,False,True,False,False,54,46,0,10,143,72,15.6,32,75
786,2021-03-22 14:04:00,2021-03-22 16:21:14,137,10.4,147,108,24,35,18,0,0,0,0,0,False,False,True,False,False,54,58,0,13,163,76,17.1,32,77
787,2021-03-20 20:41:00,2021-03-20 23:15:00,154,9.7,154,104,39,27,9,0,0,492,0,3,True,False,False,False,False,65,81,0,15,160,81,15.9,32,75
789,2021-03-19 20:55:00,2021-03-20 00:10:00,195,7.5,137,94,45,15,0,0,0,0,0,0,True,False,False,False,False,56,46,0,18,195,75,16.3,32,60
791,2021-03-17 18:12:24,2021-03-17 20:56:22,163,16.1,187,124,25,22,28,16,4,538,4,1,True,False,False,False,False,55,37,0,17,187,73,16.2,32,95
792,2021-03-13 20:49:14,2021-03-13 23:26:58,157,12.3,168,111,41,33,16,2,0,520,-1,1,True,False,False,False,False,62,74,0,16,168,84,14.5,32,92
794,2021-03-12 20:55:00,2021-03-12 23:15:00,140,7.3,151,94,29,19,3,0,0,0,0,0,True,False,False,False,False,52,50,0,15,162,73,16.0,32,51
795,2021-03-07 18:41:40,2021-03-07 19:20:10,38,9.6,169,131,5,36,44,14,0,0,0,0,False,True,False,False,False,61,30,0,11,169,73,14.8,32,99
796,2021-03-06 20:50:00,2021-03-06 22:50:00,120,10.7,166,107,47,22,10,5,0,0,0,0,True,False,False,False,False,57,26,0,14,166,82,15.9,32,84
797,2021-03-05 21:06:59,2021-03-05 23:55:32,168,11.5,157,106,48,25,12,1,0,542,-1,2,True,False,False,False,False,55,48,0,15,179,72,16.4,32,86
798,2021-02-27 20:37:55,2021-02-27 23:00:27,142,11.8,163,114,29,47,19,0,0,503,0,0,True,False,False,False,False,69,20,0,15,197,77,16.1,32,95
800,2021-02-26 20:50:21,2021-02-26 23:49:04,178,12.5,158,110,32,35,17,1,0,525,2,0,True,False,False,False,False,56,48,0,13,167,73,15.3,32,85
801,2021-02-20 20:30:00,2021-02-20 23:50:00,200,11.3,179,103,41,23,9,1,0,0,0,0,True,False,False,False,False,65,22,0,14,179,78,15.7,32,74
803,2021-02-20 13:25:48,2021-02-20 13:50:18,24,11.1,179,146,3,11,27,41,18,0,0,0,False,True,False,False,False,65,22,0,14,179,78,15.7,32,100
805,2021-02-19 20:58:00,2021-02-19 23:30:00,151,11.6,171,110,27,44,16,1,0,400,86,2,True,False,False,False,False,57,45,0,14,171,78,16.0,32,88
806,2021-02-18 23:57:35,2021-02-19 00:18:30,20,11.9,183,158,0,4,11,50,35,0,0,0,False,True,False,False,False,50,55,0,12,183,68,17.2,32,100
807,2021-02-14 20:30:00,2021-02-14 23:00:00,150,12.9,0,0,0,0,0,0,0,0,0,0,True,False,False,False,False,68,29,0,4,137,66,14.9,32,0
809,2021-02-13 20:34:21,2021-02-13 23:19:30,165,8.1,153,99,57,15,4,0,0,547,0,2,True,False,False,False,False,64,28,0,9,153,72,14.9,32,76
810,2021-02-12 20:57:05,2021-02-12 23:11:35,134,14.2,164,125,14,33,41,9,0,502,0,2,True,False,False,False,False,60,36,0,16,172,78,16.6,32,97
811,2021-02-09 21:24:46,2021-02-09 21:54:20,29,14.4,191,154,2,7,10,22,59,0,0,0,False,True,False,False,False,52,54,0,15,191,69,16.6,32,100
812,2021-02-05 20:54:15,2021-02-05 23:57:41,183,11.8,164,102,40,26,11,4,0,0,0,0,True,False,False,False,False,54,47,0,13,197,72,16.8,32,81
813,2021-01-30 20:42:04,2021-01-31 01:51:47,164,13.8,179,92,37,10,3,3,2,0,0,0,True,False,False,False,False,0,0,0,6,165,69,,32,55
814,2021-01-29 20:53:52,2021-01-29 23:45:22,171,14.8,168,114,24,38,18,13,1,0,0,0,True,False,False,False,False,58,36,0,15,171,77,15.6,32,94
815,2021-01-27 22:13:38,2021-01-27 22:47:25,33,14.0,189,146,0,16,29,9,46,0,0,0,False,True,False,False,False,51,50,0,13,189,65,17.2,32,100
816,2021-01-24 20:52:06,2021-01-24 21:27:15,35,13.4,190,138,4,37,18,14,27,0,0,0,False,True,False,False,False,56,44,0,12,190,67,17.0,32,100
817,2021-01-23 20:30:00,2021-01-23 23:15:00,165,10.0,150,106,47,38,6,0,0,0,0,0,True,False,False,False,False,72,25,0,12,189,74,16.5,32,91
819,2021-01-22 20:41:09,2021-01-22 23:32:29,171,13.5,161,113,25,39,28,5,0,0,0,0,True,False,False,False,False,54,44,0,14,167,75,16.6,32,97
820,2021-01-17 20:49:35,2021-01-17 23:34:44,165,11.7,160,110,41,33,17,0,0,490,0,1,True,False,False,False,False,64,28,0,13,181,71,16.1,32,91
822,2021-01-16 20:35:28,2021-01-16 22:47:58,132,11.0,153,112,38,42,16,0,0,500,0,2,True,False,False,False,False,73,34,0,12,156,76,16.5,32,96
824,2021-01-12 22:45:38,2021-01-12 23:32:19,46,16.1,189,155,10,4,2,32,51,0,0,0,False,True,False,False,False,55,43,0,16,189,71,17.3,32,99
825,2021-01-08 20:32:58,2021-01-09 00:24:59,164,12.9,168,104,21,31,18,3,0,0,0,0,True,False,False,False,False,54,40,0,16,190,76,14.7,32,73
826,2021-01-08 16:45:57,2021-01-08 17:11:31,25,13.2,190,156,0,9,19,28,44,0,0,0,False,True,False,False,False,54,40,0,16,190,76,14.7,32,100
827,2021-01-02 20:25:30,2021-01-02 22:55:34,150,8.7,160,101,45,20,14,2,0,0,0,0,True,False,False,False,False,68,41,0,13,183,74,15.6,32,81
829,2021-01-01 21:00:00,2021-01-01 23:15:00,135,11.5,156,112,21,53,21,3,0,0,0,0,True,False,False,False,False,66,17,0,13,171,76,16.1,32,98
831,2020-12-31 20:59:33,2020-12-31 22:47:59,108,10.7,155,110,24,51,22,1,0,0,0,0,True,False,False,False,False,54,42,0,15,163,77,17.1,32,98
